{
    "correct_weight": 0.5,
    "incorrect_weight": 3.0,
    "final_train_acc": 0.35655829310417175,
    "final_val_acc": 0.2388657182455063,
    "final_train_loss": 1.305387203509991,
    "final_val_loss": 2.412535775791515,
    "train_acc_history": [
        0.0818372443318367,
        0.11506113409996033,
        0.09875667840242386,
        0.10431133210659027,
        0.1092943325638771,
        0.1369214504957199,
        0.16080404818058014,
        0.15721659362316132,
        0.15773077309131622,
        0.15337449312210083,
        0.14966154098510742,
        0.1486554592847824,
        0.14888542890548706,
        0.14499716460704803,
        0.14502671360969543,
        0.15174129605293274,
        0.14853684604167938,
        0.15106801688671112,
        0.16057772934436798,
        0.15563157200813293,
        0.15873117744922638,
        0.16920526325702667,
        0.1760890632867813,
        0.18172712624073029,
        0.18068744242191315,
        0.1900429129600525,
        0.19352996349334717,
        0.20891417562961578,
        0.2210145741701126,
        0.2241651862859726,
        0.23377367854118347,
        0.24416355788707733,
        0.2515332102775574,
        0.25901901721954346,
        0.276382178068161,
        0.2785712480545044,
        0.282698392868042,
        0.28569555282592773,
        0.30152469873428345,
        0.3003048598766327,
        0.30168867111206055,
        0.3069765269756317,
        0.3154587149620056,
        0.3174801468849182,
        0.31073158979415894,
        0.3363097012042999,
        0.33896923065185547,
        0.33044129610061646,
        0.352471262216568,
        0.35655829310417175
    ],
    "val_acc_history": [
        0.04814000055193901,
        0.07963142544031143,
        0.1263885647058487,
        0.05837714299559593,
        0.08363714069128036,
        0.08673714101314545,
        0.06995142996311188,
        0.2233971357345581,
        0.15591999888420105,
        0.0654057115316391,
        0.06790857017040253,
        0.13247428834438324,
        0.1309228539466858,
        0.20411428809165955,
        0.07108285278081894,
        0.06203142926096916,
        0.06909142434597015,
        0.07165428251028061,
        0.06764285266399384,
        0.11141999810934067,
        0.10025999695062637,
        0.1662999987602234,
        0.17242856323719025,
        0.13066285848617554,
        0.12891142070293427,
        0.19613714516162872,
        0.18032856285572052,
        0.23298285901546478,
        0.17742857336997986,
        0.19748856127262115,
        0.2897428572177887,
        0.2202228605747223,
        0.2391771376132965,
        0.2065914273262024,
        0.24576856195926666,
        0.15354570746421814,
        0.27443426847457886,
        0.2290542870759964,
        0.1662171334028244,
        0.22744570672512054,
        0.22826285660266876,
        0.2266542762517929,
        0.2175857126712799,
        0.29512855410575867,
        0.24405142664909363,
        0.2450742870569229,
        0.22372856736183167,
        0.3041171431541443,
        0.3053257167339325,
        0.2388657182455063
    ],
    "train_loss_history": [
        2.348262209158677,
        2.313002179830502,
        2.2533790392753406,
        2.306229680012434,
        2.23806523054074,
        2.097481463200007,
        2.0361148363504653,
        2.0075753804964895,
        1.9824700768177326,
        1.9783120629114983,
        1.9655461953236506,
        1.9612623896354284,
        1.948087404935788,
        1.9550696122340667,
        1.942112189072829,
        1.9264085858296125,
        1.9277621492361412,
        1.8918533936525002,
        1.860369650217203,
        1.8740144937466352,
        1.855989654858907,
        1.8233639750725184,
        1.7936171675339723,
        1.7891011788294866,
        1.7864427856909924,
        1.7355711551812978,
        1.746924713636056,
        1.7166581031603692,
        1.6823565363883972,
        1.6763094984568083,
        1.6458513813141065,
        1.629727495022309,
        1.608047101742182,
        1.6025829238769336,
        1.56317699719698,
        1.5592574110397925,
        1.5335448246735792,
        1.52390966965602,
        1.500194564843789,
        1.4828110062159026,
        1.4763869398679488,
        1.4693701297808917,
        1.4382639496754377,
        1.4193736085524926,
        1.4588254185823293,
        1.3822965698364453,
        1.3679657746583989,
        1.3749063060833857,
        1.326384085875291,
        1.305387203509991
    ],
    "val_loss_history": [
        2.338147596879439,
        2.340113401412964,
        2.3251246105540884,
        2.3404498642141167,
        2.181336587125605,
        2.0981320359490137,
        1.9898026964881204,
        1.9654346704483032,
        1.978684663772583,
        1.9783094146034934,
        1.9569194208491931,
        1.9741981462998823,
        1.9581814787604592,
        1.9625536636872725,
        1.934402119029652,
        2.0016665783795444,
        1.928168686953458,
        1.9077755537900059,
        1.9391848932613025,
        1.9141927849162708,
        1.9389771548184482,
        1.9202302802692761,
        1.8999521190469915,
        1.903957486152649,
        1.9339328895915637,
        1.9329271858388728,
        1.8764552419835872,
        1.934734897180037,
        1.9825074130838567,
        1.9547155987132678,
        1.9847171089865945,
        1.9980151761661877,
        2.077896768396551,
        2.067049102349715,
        1.9960876594890247,
        2.0635123794729058,
        2.0337563428011807,
        2.2247953089800747,
        2.050371906974099,
        2.0970794287594883,
        2.1720862713727085,
        2.1862444660880347,
        2.1792150302366777,
        2.1992869918996636,
        2.2772577567534014,
        2.2860656651583584,
        2.3427330472252588,
        2.2452142346989024,
        2.3137181238694624,
        2.412535775791515
    ]
}