{
    "correct_weight": 0.5,
    "incorrect_weight": 1.5,
    "final_train_acc": 0.2951951324939728,
    "final_val_acc": 0.2271857112646103,
    "final_train_loss": 0.803134370308656,
    "final_val_loss": 1.1032799807461826,
    "train_acc_history": [
        0.08025789260864258,
        0.11848137527704239,
        0.08673684298992157,
        0.09715384244918823,
        0.10438299924135208,
        0.10159392654895782,
        0.1001032367348671,
        0.10313481837511063,
        0.08316882699728012,
        0.12695586681365967,
        0.165568009018898,
        0.16481417417526245,
        0.15641295909881592,
        0.14840081334114075,
        0.1417117416858673,
        0.14028866589069366,
        0.1414109319448471,
        0.13433359563350677,
        0.14083562791347504,
        0.1387680172920227,
        0.13799311220645905,
        0.14107286930084229,
        0.1398441344499588,
        0.1419595181941986,
        0.14174899458885193,
        0.1456684172153473,
        0.15109311044216156,
        0.15257854759693146,
        0.15614129602909088,
        0.1674429178237915,
        0.17511619627475739,
        0.19068461656570435,
        0.20140567421913147,
        0.20343320071697235,
        0.1511947363615036,
        0.14506518840789795,
        0.14058664441108704,
        0.14640404284000397,
        0.16963441669940948,
        0.2003534436225891,
        0.21185830235481262,
        0.229441300034523,
        0.23680688440799713,
        0.2370947301387787,
        0.25839555263519287,
        0.27033358812332153,
        0.27220281958580017,
        0.2678728699684143,
        0.28938257694244385,
        0.2951951324939728
    ],
    "val_acc_history": [
        0.05067714303731918,
        0.06366285681724548,
        0.06680857390165329,
        0.07712571322917938,
        0.09863142669200897,
        0.12697142362594604,
        0.06998571008443832,
        0.08637142926454544,
        0.06480000168085098,
        0.16473142802715302,
        0.19613999128341675,
        0.23883427679538727,
        0.18222571909427643,
        0.19083142280578613,
        0.12381142377853394,
        0.12279713898897171,
        0.09860000014305115,
        0.13361428678035736,
        0.07119428366422653,
        0.1108628585934639,
        0.12547999620437622,
        0.14164571464061737,
        0.10137999802827835,
        0.08802571147680283,
        0.09783999621868134,
        0.14355142414569855,
        0.07952000200748444,
        0.08093713968992233,
        0.13435713946819305,
        0.1403028517961502,
        0.20088857412338257,
        0.11326571553945541,
        0.12069428712129593,
        0.20254285633563995,
        0.1382371336221695,
        0.10729143023490906,
        0.1637342870235443,
        0.12102857232093811,
        0.12350571155548096,
        0.1587342768907547,
        0.12362857162952423,
        0.16410571336746216,
        0.14985713362693787,
        0.15583999454975128,
        0.20883427560329437,
        0.2057485729455948,
        0.17853428423404694,
        0.22013428807258606,
        0.24985142052173615,
        0.2271857112646103
    ],
    "train_loss_history": [
        1.1981914318524873,
        1.179884679806538,
        1.155006509560805,
        1.1340055328149061,
        1.1064225358840747,
        1.1019136844537196,
        1.1083640991113124,
        1.084619158353561,
        1.1072205564914606,
        1.1062837090247717,
        1.060382170554919,
        1.0424093840978084,
        1.0309346509285462,
        1.0243302446145277,
        1.018997569114734,
        1.0166844106637514,
        1.0123859338271313,
        1.0124966181241548,
        1.0077062531923637,
        1.0043367613584568,
        1.0016203736647582,
        1.0005021599622874,
        0.99456898524211,
        0.9950262843034207,
        0.9936906641874558,
        0.9768587855192331,
        0.9618167884838886,
        0.9636871165189987,
        0.9464615698044117,
        0.9240646125414432,
        0.9130469621756138,
        0.9072971825416272,
        0.8940861202203311,
        0.902022163837384,
        1.0095711136475587,
        1.0073515390738463,
        0.9980033781283941,
        0.9843706649083358,
        0.9331280940618271,
        0.900492019378222,
        0.8793412813773522,
        0.8612997784064367,
        0.86246286600064,
        0.8540344650928791,
        0.838875779738793,
        0.8296070450391525,
        0.8284849944787148,
        0.8373928597340217,
        0.8099269255613669,
        0.803134370308656
    ],
    "val_loss_history": [
        1.1933244466781616,
        1.1878819465637207,
        1.1624676747755571,
        1.1861768473278393,
        1.2068856737830422,
        1.1457352204756304,
        1.1902192343365063,
        1.1779002005403691,
        1.1168613596396013,
        1.0836604779416865,
        1.034126715226607,
        1.0315096107396213,
        1.0174361358989368,
        1.0228128324855457,
        1.0227600715377114,
        1.0131023201075466,
        1.019314858046445,
        1.0062323266809636,
        1.0060921744866804,
        1.0046588995239951,
        1.0204592726447366,
        1.007277857173573,
        1.0049686323512683,
        1.0015741478313098,
        0.9950099424882368,
        1.0046308419921182,
        0.9953927614472129,
        0.9843362678181041,
        0.9874210195107893,
        0.9930888685313138,
        0.98510896617716,
        0.9977155002680692,
        1.0202289006926797,
        1.0150476043874568,
        1.0248847061937505,
        1.0047801245342602,
        1.005986137823625,
        0.9935634407130155,
        1.0226691473614087,
        1.000731110572815,
        1.002906392921101,
        1.0043981183658948,
        0.9927679679610513,
        1.0193651481108232,
        1.0518729849295183,
        1.055326293815266,
        1.069771869616075,
        1.0311492952433499,
        1.0458961616862903,
        1.1032799807461826
    ]
}