{
    "correct_weight": 0.5,
    "incorrect_weight": 1.2,
    "final_train_acc": 0.24720850586891174,
    "final_val_acc": 0.21826571226119995,
    "final_train_loss": 0.7025498021871616,
    "final_val_loss": 0.8205219994891774,
    "train_acc_history": [
        0.07890769094228745,
        0.11415506154298782,
        0.0866890698671341,
        0.0777089074254036,
        0.0892445370554924,
        0.08497247099876404,
        0.1066489890217781,
        0.12253683805465698,
        0.15437732636928558,
        0.1494554579257965,
        0.10792510211467743,
        0.10768663883209229,
        0.10551133751869202,
        0.1529489904642105,
        0.1574259102344513,
        0.168220654129982,
        0.16175344586372375,
        0.16107206046581268,
        0.1573052555322647,
        0.15754857659339905,
        0.1572335958480835,
        0.1596202403306961,
        0.15776072442531586,
        0.17068219184875488,
        0.1732068806886673,
        0.18396517634391785,
        0.16124089062213898,
        0.16614533960819244,
        0.18162550032138824,
        0.1901368349790573,
        0.20164211094379425,
        0.19033320248126984,
        0.17912347614765167,
        0.20414534211158752,
        0.1941813826560974,
        0.1559664011001587,
        0.1547251045703888,
        0.16348136961460114,
        0.16536234319210052,
        0.17728744447231293,
        0.19017045199871063,
        0.20357854664325714,
        0.1975206434726715,
        0.21203400194644928,
        0.1875481754541397,
        0.2027570903301239,
        0.2186502069234848,
        0.20837773382663727,
        0.22903886437416077,
        0.24720850586891174
    ],
    "val_acc_history": [
        0.042254284024238586,
        0.0704742819070816,
        0.04958857223391533,
        0.05438857153058052,
        0.05248571187257767,
        0.05022285506129265,
        0.06395142525434494,
        0.07601428776979446,
        0.0717514306306839,
        0.051011428236961365,
        0.09756571054458618,
        0.06836571544408798,
        0.1309657096862793,
        0.16740000247955322,
        0.2908085584640503,
        0.08983142673969269,
        0.2541428506374359,
        0.23692570626735687,
        0.12531428039073944,
        0.2255885750055313,
        0.23467428982257843,
        0.2015257179737091,
        0.234022855758667,
        0.19913142919540405,
        0.21631714701652527,
        0.24335713684558868,
        0.12268856912851334,
        0.19042284786701202,
        0.19867143034934998,
        0.13387714326381683,
        0.25454285740852356,
        0.20697999000549316,
        0.22852857410907745,
        0.2662714123725891,
        0.2180057168006897,
        0.20360000431537628,
        0.16931714117527008,
        0.16992856562137604,
        0.19517143070697784,
        0.1689685732126236,
        0.16978000104427338,
        0.23142856359481812,
        0.12009428441524506,
        0.21365141868591309,
        0.28801429271698,
        0.23730571568012238,
        0.2519942820072174,
        0.2842971384525299,
        0.18133428692817688,
        0.21826571226119995
    ],
    "train_loss_history": [
        0.9681065663313254,
        0.9539695382118225,
        0.9253687285459958,
        0.9509475888350071,
        0.9662430164141532,
        0.957105061182609,
        0.9658952149061056,
        0.9622219434151282,
        0.9547878144643246,
        0.94702736613078,
        0.9578106365142725,
        0.9217048936929458,
        0.8797411666466639,
        0.8544686826375815,
        0.8477407288856995,
        0.8372666866351397,
        0.8315050196953309,
        0.8224247487691733,
        0.8250737694593576,
        0.8176067761885815,
        0.8141259573973142,
        0.8151154319445292,
        0.8079435129960378,
        0.7969898260556735,
        0.7952552636464437,
        0.785849528434949,
        0.8039448872590677,
        0.7946545145450494,
        0.7841994044108268,
        0.77499170257495,
        0.7627667142794683,
        0.7699356163159395,
        0.7787135465022845,
        0.7518955621963892,
        0.7634864495350764,
        0.8107993877851046,
        0.7970581008837774,
        0.7869438926378886,
        0.7797311911216149,
        0.7676971615889133,
        0.7570622907235072,
        0.7486921755167154,
        0.7453837471130567,
        0.7356615746632601,
        0.7607424236260928,
        0.7427608355497702,
        0.7325685100677686,
        0.7424134971239628,
        0.7117460148456769,
        0.7025498021871616
    ],
    "val_loss_history": [
        0.9690040404146368,
        0.9759399945085699,
        1.1002012870528481,
        1.0460431629961187,
        0.9472419619560242,
        0.9698865901340138,
        0.9716063683683221,
        0.9625869989395142,
        0.9630443507974799,
        0.9522049914706837,
        0.9397830692204562,
        0.9238186424428766,
        0.8644946976141497,
        0.8725239959630099,
        0.84075773304159,
        0.8360952409830961,
        0.8340558951551263,
        0.8393114317547191,
        0.831176839091561,
        0.8270126635378058,
        0.8283043341203169,
        0.827069802717729,
        0.8303467793898149,
        0.8375274538993835,
        0.8336019570177252,
        0.8406696102835916,
        0.8147070082751188,
        0.8251458460634405,
        0.8211236812851646,
        0.8193860162388195,
        0.8131207715381276,
        0.8561498793688688,
        0.8263252702626315,
        0.8151734254576943,
        0.8289798443967645,
        0.8149378408085216,
        0.8168751922520724,
        0.807086402719671,
        0.8303549777377736,
        0.8355552879246798,
        0.8104558912190524,
        0.8658422556790438,
        0.8400794050910256,
        0.8588635650548068,
        0.8797394958409396,
        0.8681827133352106,
        0.8867143338376825,
        0.8499148217114535,
        0.8449354767799377,
        0.8205219994891774
    ]
}