{
    "correct_weight": 0.1,
    "incorrect_weight": 3.0,
    "final_train_acc": 0.3129485845565796,
    "final_val_acc": 0.2076314240694046,
    "final_train_loss": 1.3287206995181549,
    "final_val_loss": 2.3886404037475586,
    "train_acc_history": [
        0.08278947323560715,
        0.11500850319862366,
        0.10882388800382614,
        0.10054250806570053,
        0.09021417051553726,
        0.10804332047700882,
        0.10612955689430237,
        0.1355987787246704,
        0.09396153688430786,
        0.10757489502429962,
        0.1284121423959732,
        0.12956194579601288,
        0.12549473345279694,
        0.116908498108387,
        0.13187691569328308,
        0.10098623484373093,
        0.09090040624141693,
        0.11405181884765625,
        0.1380506008863449,
        0.16458259522914886,
        0.1762712597846985,
        0.19055384397506714,
        0.19062873721122742,
        0.19974088668823242,
        0.19792711734771729,
        0.20402024686336517,
        0.21288219094276428,
        0.20994898676872253,
        0.22176963090896606,
        0.230294331908226,
        0.2286979705095291,
        0.23167003691196442,
        0.24006275832653046,
        0.25420770049095154,
        0.2512967586517334,
        0.2600194215774536,
        0.26342228055000305,
        0.27118462324142456,
        0.2733671963214874,
        0.2737271189689636,
        0.2811473608016968,
        0.28539717197418213,
        0.2913579046726227,
        0.29415830969810486,
        0.29450932145118713,
        0.3021623492240906,
        0.30614331364631653,
        0.307998389005661,
        0.30726519227027893,
        0.3129485845565796
    ],
    "val_acc_history": [
        0.045582856982946396,
        0.11567714065313339,
        0.07289999723434448,
        0.2024800032377243,
        0.048345714807510376,
        0.06016571447253227,
        0.053105711936950684,
        0.056617140769958496,
        0.06885142624378204,
        0.05437999963760376,
        0.09623143076896667,
        0.0775485709309578,
        0.07762285321950912,
        0.056208569556474686,
        0.0685228556394577,
        0.0579800009727478,
        0.10151714086532593,
        0.1183742806315422,
        0.07093999534845352,
        0.17515428364276886,
        0.21156856417655945,
        0.17596571147441864,
        0.22817714512348175,
        0.21886570751667023,
        0.2016628533601761,
        0.24120000004768372,
        0.20865999162197113,
        0.17540284991264343,
        0.17620570957660675,
        0.20121142268180847,
        0.2419971376657486,
        0.14795999228954315,
        0.2615085542201996,
        0.21287427842617035,
        0.22650285065174103,
        0.15239714086055756,
        0.22796571254730225,
        0.26286572217941284,
        0.23339714109897614,
        0.2302599996328354,
        0.2237771451473236,
        0.1895657181739807,
        0.28091713786125183,
        0.2208542823791504,
        0.21063143014907837,
        0.2190999984741211,
        0.256145715713501,
        0.2199142873287201,
        0.3007314205169678,
        0.2076314240694046
    ],
    "train_loss_history": [
        2.3097531275871472,
        2.2778564263612795,
        2.2156128394298062,
        2.242692763988788,
        2.206906939164186,
        2.251109847655663,
        2.254169436601492,
        2.211754459601182,
        2.2295398314793906,
        2.244088967641195,
        2.2254756811337595,
        2.2221793211423435,
        2.177538193189181,
        2.241671797556755,
        2.1973699698081384,
        2.222979404987433,
        2.1464917934857883,
        2.046316819313245,
        1.9330984063637562,
        1.8702744887425349,
        1.826671621738336,
        1.791378114468012,
        1.7697824942759979,
        1.7493755160233913,
        1.7329382697741191,
        1.7082439966690846,
        1.6803722778956096,
        1.6823553901452284,
        1.634459532224215,
        1.6158196849700732,
        1.606361679541759,
        1.600242935694181,
        1.5743275987796295,
        1.5532232477114751,
        1.5337397685417762,
        1.5164307707395308,
        1.5072622711841877,
        1.4823164603649042,
        1.4705518254866967,
        1.4684110910464556,
        1.4504531209285443,
        1.4264352657856085,
        1.4231992241663811,
        1.4033925319329286,
        1.399358359666971,
        1.375929471773979,
        1.3563673557379308,
        1.3554547902865288,
        1.331053036909837,
        1.3287206995181549
    ],
    "val_loss_history": [
        2.2947851744565098,
        2.267302480610934,
        2.2458161440762607,
        2.1574233878742564,
        2.263424103910273,
        2.3786606030030684,
        2.26657235622406,
        2.2450266534631904,
        2.2025913325223057,
        2.256011421030218,
        2.287102981047197,
        2.233379764990373,
        2.218294707211581,
        2.2739269841801035,
        2.2740862477909434,
        2.217130411754955,
        2.0446589209816675,
        2.0364247777245263,
        1.9459641738371416,
        1.9182798754085193,
        1.9075870513916016,
        1.8952357660640369,
        1.9114410443739458,
        1.8567293665625832,
        1.8637746897610752,
        1.8543029373342341,
        1.809909538789229,
        1.8948462876406582,
        1.852114742452448,
        1.8862541805614124,
        1.86560105193745,
        1.9154318354346536,
        1.9621136513623325,
        1.9933373061093418,
        1.9932550300251355,
        2.0897868980060923,
        1.9732469211925159,
        2.0363759235902266,
        2.108225930820812,
        2.0866717967120083,
        2.0034872618588535,
        2.1057123812762173,
        2.208826021714644,
        2.215906110676852,
        2.187199831008911,
        2.166435111652721,
        2.217371203682639,
        2.238871227611195,
        2.3789979978041216,
        2.3886404037475586
    ]
}