{
    "correct_weight": 0.9,
    "incorrect_weight": 1.2,
    "final_train_acc": 0.5126157999038696,
    "final_val_acc": 0.34704285860061646,
    "final_train_loss": 0.44517328571050596,
    "final_val_loss": 1.2901277135718952,
    "train_acc_history": [
        0.07134129852056503,
        0.10036437213420868,
        0.09616275131702423,
        0.08992793411016464,
        0.0960206463932991,
        0.09413481503725052,
        0.09158380329608917,
        0.12352388352155685,
        0.1375400871038437,
        0.14533886313438416,
        0.1446194350719452,
        0.1520206481218338,
        0.15219351649284363,
        0.16097044944763184,
        0.17044898867607117,
        0.18074452877044678,
        0.18271538615226746,
        0.19102874398231506,
        0.20322833955287933,
        0.2110307663679123,
        0.2272493988275528,
        0.25216761231422424,
        0.25754857063293457,
        0.2849898636341095,
        0.2861206531524658,
        0.3032190203666687,
        0.3107024133205414,
        0.324494332075119,
        0.3335554599761963,
        0.34155142307281494,
        0.34914252161979675,
        0.3610655963420868,
        0.36834776401519775,
        0.3775761127471924,
        0.37744614481925964,
        0.38957327604293823,
        0.3997267186641693,
        0.4050441384315491,
        0.4181493818759918,
        0.42678704857826233,
        0.43184128403663635,
        0.4411202371120453,
        0.45656558871269226,
        0.45321375131607056,
        0.4701700508594513,
        0.47910040616989136,
        0.48438379168510437,
        0.49000120162963867,
        0.49532875418663025,
        0.5126157999038696
    ],
    "val_acc_history": [
        0.1914999932050705,
        0.06662571430206299,
        0.054428569972515106,
        0.07906857132911682,
        0.03601428493857384,
        0.05746571347117424,
        0.08204571157693863,
        0.15419141948223114,
        0.10626285523176193,
        0.0970914289355278,
        0.11565142869949341,
        0.1583142876625061,
        0.13659141957759857,
        0.1382542848587036,
        0.1568942815065384,
        0.12656570971012115,
        0.1652771383523941,
        0.13480857014656067,
        0.1455085724592209,
        0.16779713332653046,
        0.1833457052707672,
        0.2064257115125656,
        0.22653713822364807,
        0.22252856194972992,
        0.23342570662498474,
        0.24409142136573792,
        0.2442857176065445,
        0.2728685736656189,
        0.25390857458114624,
        0.24611999094486237,
        0.2893085777759552,
        0.2408885657787323,
        0.29553142189979553,
        0.2699914276599884,
        0.3079400062561035,
        0.2663285732269287,
        0.27538570761680603,
        0.3041485548019409,
        0.3242114186286926,
        0.30687427520751953,
        0.29502856731414795,
        0.31260284781455994,
        0.30559712648391724,
        0.29479143023490906,
        0.31018856167793274,
        0.3234914243221283,
        0.31129714846611023,
        0.3261771500110626,
        0.3558628559112549,
        0.34704285860061646
    ],
    "train_loss_history": [
        1.0064376103572357,
        0.9899301261473925,
        0.9939444248492901,
        0.9922651808995467,
        0.9853879962212,
        0.973829251069289,
        0.9511646521397126,
        0.8980225103023725,
        0.879302727870452,
        0.8629368001069778,
        0.8511744202711643,
        0.8415533671012292,
        0.835109450114079,
        0.8253837449428363,
        0.8160108717588278,
        0.8041466451608218,
        0.8028675256631314,
        0.7871359365108686,
        0.7766400988285358,
        0.7736038932433495,
        0.7648841562943581,
        0.7539946062442584,
        0.748157283434501,
        0.7335487520083402,
        0.72622766937965,
        0.7147601285041907,
        0.7122141420841217,
        0.7004514863857856,
        0.6941414452516116,
        0.6853294938038557,
        0.671492779866243,
        0.6632601099136548,
        0.648262911882156,
        0.6346819813434894,
        0.6343115919675583,
        0.6208403286261436,
        0.6031807645773276,
        0.5944438844155042,
        0.5779272814591726,
        0.5683295795550714,
        0.5620080905082898,
        0.5475074633573874,
        0.531621733155006,
        0.5251140877222403,
        0.5062667628129324,
        0.492104729780784,
        0.487119958568842,
        0.47289602305644596,
        0.46354582409063977,
        0.44517328571050596
    ],
    "val_loss_history": [
        1.0026592232964255,
        0.9936935901641846,
        1.019899839704687,
        1.0114285512404009,
        1.0078426816246726,
        0.9720544110644947,
        0.9484416138042103,
        0.9044173143126748,
        0.9132364934140985,
        0.9104381420395591,
        0.8725368326360529,
        0.8831848664717241,
        0.892990605397658,
        0.8692667538469488,
        0.8769494999538768,
        0.8788388696583834,
        0.8861905932426453,
        0.8928903016177091,
        0.8956120664423163,
        0.8924734050577338,
        0.9155861030925404,
        0.9129828431389548,
        0.9341437545689669,
        0.9306084892966531,
        0.9260481216690757,
        0.928606856953014,
        0.9429196715354919,
        0.940932653167031,
        0.9569113525477323,
        0.9565297256816517,
        0.9917480186982588,
        0.984965140169317,
        0.9914468310096047,
        0.9982354857704856,
        1.0608091300184077,
        1.045847930691459,
        1.0303129174492576,
        1.078325558792461,
        1.1340591338547794,
        1.1762059032917023,
        1.0879496065053074,
        1.1110514050180262,
        1.1650792441584847,
        1.188598627393896,
        1.229935730045492,
        1.2242171656001697,
        1.1524544710462743,
        1.200070700862191,
        1.2558468580245972,
        1.2901277135718952
    ]
}