{
    "correct_weight": 0.9,
    "incorrect_weight": 3.0,
    "final_train_acc": 0.27666476368904114,
    "final_val_acc": 0.2682057023048401,
    "final_train_loss": 1.6381070017814636,
    "final_val_loss": 2.1026149554686113,
    "train_acc_history": [
        0.08079513907432556,
        0.11972145736217499,
        0.08804048597812653,
        0.10145627707242966,
        0.08626598864793777,
        0.10088299214839935,
        0.1158311739563942,
        0.12184210121631622,
        0.12319757044315338,
        0.13323967158794403,
        0.11650040745735168,
        0.14487490057945251,
        0.15958786010742188,
        0.14570283889770508,
        0.14684170484542847,
        0.14485667645931244,
        0.14760728180408478,
        0.14097894728183746,
        0.14300000667572021,
        0.1415797621011734,
        0.13918177783489227,
        0.14302146434783936,
        0.13663522899150848,
        0.14200931787490845,
        0.14061254262924194,
        0.13986194133758545,
        0.14013966917991638,
        0.14289472997188568,
        0.1435149759054184,
        0.1466190218925476,
        0.14510121941566467,
        0.1535639613866806,
        0.16452914476394653,
        0.1732647716999054,
        0.17918704450130463,
        0.17755870521068573,
        0.18830808997154236,
        0.2097870409488678,
        0.15937651693820953,
        0.17007286846637726,
        0.19846437871456146,
        0.21164736151695251,
        0.21862347424030304,
        0.222370445728302,
        0.2470032423734665,
        0.24888379871845245,
        0.25526395440101624,
        0.2637591063976288,
        0.26419797539711,
        0.27666476368904114
    ],
    "val_acc_history": [
        0.06478285789489746,
        0.0670628547668457,
        0.12800857424736023,
        0.07080571353435516,
        0.04455714300274849,
        0.058079998940229416,
        0.05388285592198372,
        0.050434283912181854,
        0.07373999804258347,
        0.1521771401166916,
        0.14333142340183258,
        0.18313999474048615,
        0.12132285535335541,
        0.23275427520275116,
        0.20605428516864777,
        0.1312199980020523,
        0.06822571158409119,
        0.06945428252220154,
        0.06563428789377213,
        0.07033142447471619,
        0.11254571378231049,
        0.06854571402072906,
        0.0877828523516655,
        0.06850571185350418,
        0.06756285578012466,
        0.1479800045490265,
        0.12413428723812103,
        0.07959428429603577,
        0.1575685739517212,
        0.12690000236034393,
        0.18585142493247986,
        0.15387143194675446,
        0.16606856882572174,
        0.15254856646060944,
        0.16351428627967834,
        0.08745142817497253,
        0.2578342854976654,
        0.1780799925327301,
        0.10690571367740631,
        0.15246856212615967,
        0.26540571451187134,
        0.2335171401500702,
        0.1667799949645996,
        0.18611428141593933,
        0.18896570801734924,
        0.21183142066001892,
        0.14990857243537903,
        0.1973257064819336,
        0.254854291677475,
        0.2682057023048401
    ],
    "train_loss_history": [
        2.386452100215814,
        2.3489663417522726,
        2.3004818910207505,
        2.3071087109736905,
        2.3342658220193324,
        2.378944204403804,
        2.3680307681743917,
        2.346648326286903,
        2.3409246389682474,
        2.312403434362167,
        2.254248768855364,
        2.1431767359758034,
        2.083028869751172,
        2.0636087090541153,
        2.0442622487361612,
        2.0406464216036673,
        2.0238871452135916,
        2.0114660186645312,
        2.0093400249114404,
        2.010201666599665,
        1.9990328779587379,
        2.004371236532162,
        2.0031648110120726,
        1.9954092716559386,
        1.9940105814200182,
        1.993297054217412,
        1.9811148872742286,
        1.972551608696962,
        1.9770510884431691,
        1.957422415415446,
        1.9694290650196564,
        1.9379485585750678,
        1.8989674265568073,
        1.8700331587057848,
        1.8598122336925604,
        1.86259569418736,
        1.8137114231403058,
        1.7794145315121381,
        1.9448432693114648,
        1.875857678743509,
        1.7972749655063336,
        1.777951983305124,
        1.7500078189067352,
        1.742686288479047,
        1.707190154454647,
        1.7026260877266908,
        1.6932545854495122,
        1.6657170607493474,
        1.6778738238872626,
        1.6381070017814636
    ],
    "val_loss_history": [
        2.377991459586404,
        2.3636404926126655,
        2.410853851925243,
        2.30328275940635,
        2.374646685340188,
        2.3404768163507637,
        2.385111461986195,
        2.3780326409773394,
        2.312204686078158,
        2.3299788561734287,
        2.359048377383839,
        2.116167122667486,
        2.0384437929500234,
        2.055309382351962,
        2.028375668959184,
        2.0246758460998535,
        2.0268427567048506,
        1.9964600151235408,
        1.9934712106531316,
        1.9958415031433105,
        2.0025049339641225,
        2.0049664974212646,
        2.003446936607361,
        1.991724892096086,
        1.995806629007513,
        2.0060899040915747,
        1.9987305186011575,
        2.0005462928251787,
        1.9801206155256792,
        1.9986294291236184,
        1.9769615151665427,
        1.9937465516003696,
        1.973194880919023,
        2.013934308832342,
        1.983498139814897,
        2.0025315284729004,
        1.9934473796324297,
        1.9719223976135254,
        2.022588773207231,
        2.0250143896449697,
        1.9791251529346814,
        2.0305902416055854,
        2.015429312532598,
        2.0626678358424795,
        2.0445687120611016,
        2.050321037119085,
        2.055153402415189,
        1.9842174053192139,
        2.0673908428712324,
        2.1026149554686113
    ]
}