{
    "correct_weight": 0.3,
    "incorrect_weight": 3.0,
    "final_train_acc": 0.25484371185302734,
    "final_val_acc": 0.2528514266014099,
    "final_train_loss": 1.571662921171922,
    "final_val_loss": 2.0192700841210107,
    "train_acc_history": [
        0.082334004342556,
        0.11550728976726532,
        0.10434696078300476,
        0.1017562747001648,
        0.10473967343568802,
        0.10931619256734848,
        0.10849311947822571,
        0.10642186552286148,
        0.10937166213989258,
        0.1179736852645874,
        0.11336720734834671,
        0.1154651790857315,
        0.11832752823829651,
        0.11391335725784302,
        0.1316603273153305,
        0.13431821763515472,
        0.15208137035369873,
        0.15846315026283264,
        0.1571473628282547,
        0.15366113185882568,
        0.152400404214859,
        0.15239514410495758,
        0.15171092748641968,
        0.15357773005962372,
        0.15345263481140137,
        0.1503441333770752,
        0.15403279662132263,
        0.15346883237361908,
        0.1591247022151947,
        0.16148541867733002,
        0.1577664017677307,
        0.16780810058116913,
        0.17310890555381775,
        0.18191659450531006,
        0.18632064759731293,
        0.18991538882255554,
        0.1874360293149948,
        0.15015950798988342,
        0.16771821677684784,
        0.1590101271867752,
        0.16016842424869537,
        0.1886364370584488,
        0.21376679837703705,
        0.22593359649181366,
        0.23162226378917694,
        0.23768703639507294,
        0.24709150195121765,
        0.251176118850708,
        0.2596947252750397,
        0.25484371185302734
    ],
    "val_acc_history": [
        0.043774284422397614,
        0.06418285518884659,
        0.07912285625934601,
        0.0535857118666172,
        0.08632857352495193,
        0.08699428290128708,
        0.10677428543567657,
        0.10408856719732285,
        0.08535142987966537,
        0.07279142737388611,
        0.06868571043014526,
        0.12229428440332413,
        0.15998856723308563,
        0.1684914231300354,
        0.0632571429014206,
        0.16437143087387085,
        0.13807427883148193,
        0.11956857144832611,
        0.06789714097976685,
        0.0990714281797409,
        0.08212285488843918,
        0.10062000155448914,
        0.11804285645484924,
        0.07604856789112091,
        0.08853142708539963,
        0.17304284870624542,
        0.19411998987197876,
        0.17596285045146942,
        0.0836285725235939,
        0.22115713357925415,
        0.18968571722507477,
        0.16540856659412384,
        0.15379713475704193,
        0.14821428060531616,
        0.19493713974952698,
        0.0925285667181015,
        0.12144571542739868,
        0.10944856703281403,
        0.16157713532447815,
        0.1717199981212616,
        0.16823142766952515,
        0.16790856420993805,
        0.2255428582429886,
        0.2348657101392746,
        0.22987428307533264,
        0.2549685537815094,
        0.2376457154750824,
        0.20871713757514954,
        0.24111999571323395,
        0.2528514266014099
    ],
    "train_loss_history": [
        2.3289903646860366,
        2.2948885361353555,
        2.2331583194243603,
        2.227218979444259,
        2.1848981900092883,
        2.1243087267264342,
        2.1086260706950455,
        2.1118165055910745,
        2.088927970482753,
        2.0377811728379664,
        2.0316130992693777,
        2.0718206793834,
        1.9785361886024475,
        1.989097046546447,
        1.9756811261177063,
        2.038525414772523,
        2.0562392060573282,
        1.9699940238243494,
        1.9542894164721172,
        1.939110129307478,
        1.9246769241797619,
        1.9264771938323975,
        1.913948538975838,
        1.9017585821640797,
        1.93559103898513,
        1.902744641670814,
        1.8741705723297901,
        1.8722399106392493,
        1.849623861985329,
        1.8364003621614897,
        1.8723664085070293,
        1.8048118826670525,
        1.7565552913225615,
        1.73297669337346,
        1.7139677649889238,
        1.7378846208254497,
        1.7710263209465222,
        1.8897984700325208,
        1.80162469851665,
        1.9030972092579572,
        1.798700525210454,
        1.7282822789290013,
        1.6549320236230507,
        1.636582674124302,
        1.6201677200121758,
        1.6070800729286976,
        1.6035672135842152,
        1.5828479192195795,
        1.5671848471348102,
        1.571662921171922
    ],
    "val_loss_history": [
        2.31584294275804,
        2.2930349870161577,
        2.296706969087774,
        2.2608268694444136,
        2.2572825388474898,
        2.2869848879900845,
        2.2969182404604824,
        2.212845889004794,
        2.3917909318750556,
        2.330754128369418,
        2.283163395794955,
        2.304105346853083,
        2.2805983044884424,
        2.2294871481982144,
        2.1703718683936377,
        2.340165235779502,
        1.9953859069130637,
        1.9517090320587158,
        1.9619543660770764,
        1.9369518865238537,
        1.9810877171429722,
        1.9347552386197178,
        1.9303556247190996,
        2.005617781118913,
        1.9605890620838513,
        1.9322695298628374,
        1.8984188816764138,
        1.935321103442799,
        1.9206506447358564,
        1.9658474271947688,
        1.9055752645839343,
        1.8971885334361682,
        1.859972509470853,
        1.9391854134472934,
        1.9175678058104082,
        1.9041699712926692,
        1.930709806355563,
        1.9338736209002407,
        2.128801876848394,
        1.959458210251548,
        1.8843092701651833,
        1.948262171311812,
        2.0025568333539097,
        1.905004078691656,
        2.096472079103643,
        1.9544248906048862,
        1.9307822856036099,
        1.930807958949696,
        1.9930759993466465,
        2.0192700841210107
    ]
}