{
    "correct_weight": 0.7,
    "incorrect_weight": 3.0,
    "final_train_acc": 0.34478381276130676,
    "final_val_acc": 0.2572685778141022,
    "final_train_loss": 1.4179100883312714,
    "final_val_loss": 2.2159021117470483,
    "train_acc_history": [
        0.08140890300273895,
        0.11753927171230316,
        0.09764008224010468,
        0.1013113334774971,
        0.11110445111989975,
        0.10316437482833862,
        0.10694898664951324,
        0.07739230990409851,
        0.1197623461484909,
        0.11147408932447433,
        0.09860526025295258,
        0.1202356293797493,
        0.11619311571121216,
        0.11062712222337723,
        0.13050363957881927,
        0.16048380732536316,
        0.15825870633125305,
        0.15912753343582153,
        0.16057206690311432,
        0.15481942892074585,
        0.15446072816848755,
        0.15809635818004608,
        0.15640687942504883,
        0.16179676353931427,
        0.15969878435134888,
        0.16352753341197968,
        0.1674935221672058,
        0.17864979803562164,
        0.18451741337776184,
        0.19909675419330597,
        0.19969351589679718,
        0.21458947658538818,
        0.22449877858161926,
        0.24194534122943878,
        0.24014413356781006,
        0.24318501353263855,
        0.2498186230659485,
        0.27562227845191956,
        0.2712562680244446,
        0.28247326612472534,
        0.2891514301300049,
        0.3046874403953552,
        0.2921360433101654,
        0.3002607226371765,
        0.31693035364151,
        0.31902915239334106,
        0.3207627534866333,
        0.31904128193855286,
        0.33687853813171387,
        0.34478381276130676
    ],
    "val_acc_history": [
        0.0597485713660717,
        0.0798514261841774,
        0.07271143049001694,
        0.07944571226835251,
        0.0811714306473732,
        0.04461999982595444,
        0.0378057137131691,
        0.05039142817258835,
        0.10324571281671524,
        0.059539999812841415,
        0.05543999746441841,
        0.04680857062339783,
        0.06925428658723831,
        0.08967142552137375,
        0.1277228593826294,
        0.09112285822629929,
        0.261819988489151,
        0.15162286162376404,
        0.07182571291923523,
        0.134968563914299,
        0.2393285632133484,
        0.13342000544071198,
        0.18997713923454285,
        0.10209428519010544,
        0.09502857178449631,
        0.10868857055902481,
        0.1975799947977066,
        0.14501714706420898,
        0.1888200044631958,
        0.06901999562978745,
        0.24629999697208405,
        0.15771713852882385,
        0.22586286067962646,
        0.15573428571224213,
        0.19612856209278107,
        0.11940000206232071,
        0.25736570358276367,
        0.1633257120847702,
        0.29144856333732605,
        0.14696000516414642,
        0.207519993185997,
        0.18406285345554352,
        0.23735427856445312,
        0.2999057173728943,
        0.1982399970293045,
        0.19862857460975647,
        0.2160542756319046,
        0.32363998889923096,
        0.30293142795562744,
        0.2572685778141022
    ],
    "train_loss_history": [
        2.3672907260748057,
        2.334049793390127,
        2.275457535034571,
        2.3245359598061976,
        2.3019181275979066,
        2.2682243982950845,
        2.273928556686793,
        2.3607641275112448,
        2.339715560277303,
        2.284190746454092,
        2.291824921583518,
        2.2921797098257604,
        2.2593989036022086,
        2.2479479801960482,
        2.172188483751737,
        2.0804605652124453,
        2.06301364226219,
        2.014590648504404,
        2.000432249827263,
        1.9952480899981964,
        1.969514855971703,
        1.9608038938962495,
        1.9485779435206683,
        1.9280708218232179,
        1.927580469693893,
        1.9005727370580037,
        1.8791701197624207,
        1.8483302486248505,
        1.834467521080604,
        1.7840100358694027,
        1.7791254948347042,
        1.755663167207669,
        1.7230489360980499,
        1.6951962969241998,
        1.6931588252385457,
        1.6856881792728717,
        1.6592174875430572,
        1.6265806204233415,
        1.6195368048472283,
        1.6086171727914076,
        1.5823046916570418,
        1.55766383654032,
        1.5563766192167232,
        1.531983847801502,
        1.5113733548384447,
        1.4868411467625544,
        1.4892046466851845,
        1.479200100287413,
        1.439199881675916,
        1.4179100883312714
    ],
    "val_loss_history": [
        2.3555651903152466,
        2.3674833991310815,
        2.3335201848636973,
        2.359147700396451,
        2.33540001782504,
        2.3353488445281982,
        2.395213473926891,
        2.3371435295451772,
        2.3361117623069068,
        2.273805943402377,
        2.35358680378307,
        2.3950452371077104,
        2.2474098313938486,
        2.2299395257776435,
        2.1100207458842886,
        2.0284567421132866,
        2.0565934506329624,
        2.0217118805105034,
        1.9835254170677878,
        1.9912101247093894,
        1.9805913188240745,
        1.9950256239284168,
        1.9647224924781106,
        1.977699637413025,
        1.9860024560581555,
        1.9891002503308384,
        1.9565805305134167,
        1.9613437869332053,
        1.9574022943323308,
        2.029774709181352,
        2.020725813778964,
        1.992930152199485,
        1.9626450213519009,
        2.0195961757139727,
        1.9364372925324873,
        1.9719755866310813,
        1.9398415847258135,
        1.9699706055901267,
        2.0580354820598257,
        1.9399582472714512,
        1.9610588442195545,
        2.0471520098772915,
        2.0271683714606543,
        2.198777133768255,
        2.0460037101398814,
        2.13755557753823,
        2.195476380261508,
        2.113479722629894,
        2.2971546108072456,
        2.2159021117470483
    ]
}