{
    "correct_weight": 0.1,
    "incorrect_weight": 2.0,
    "final_train_acc": 0.3166518211364746,
    "final_val_acc": 0.2346571385860443,
    "final_train_loss": 0.8887910338548514,
    "final_val_loss": 1.5372125777331265,
    "train_acc_history": [
        0.08256153762340546,
        0.1150582954287529,
        0.10796073079109192,
        0.10029392689466476,
        0.1118299588561058,
        0.11611902713775635,
        0.12964817881584167,
        0.11113846302032471,
        0.1364850252866745,
        0.1600271314382553,
        0.16017045080661774,
        0.1536821871995926,
        0.15219148993492126,
        0.14836153388023376,
        0.14795789122581482,
        0.1493036448955536,
        0.14825424551963806,
        0.14635181427001953,
        0.1494259089231491,
        0.15008096396923065,
        0.15328259766101837,
        0.15142954885959625,
        0.15443076193332672,
        0.1537020206451416,
        0.1565570831298828,
        0.16177327930927277,
        0.16773603856563568,
        0.1797562688589096,
        0.18453319370746613,
        0.19506801664829254,
        0.19598542153835297,
        0.20161011815071106,
        0.2177959531545639,
        0.21981902420520782,
        0.22104372084140778,
        0.23054656386375427,
        0.24416720867156982,
        0.2510400712490082,
        0.25986599922180176,
        0.2613299489021301,
        0.2738882601261139,
        0.27672550082206726,
        0.2867894768714905,
        0.28096476197242737,
        0.28418540954589844,
        0.302889883518219,
        0.30610403418540955,
        0.29720768332481384,
        0.305836021900177,
        0.3166518211364746
    ],
    "val_acc_history": [
        0.04561428353190422,
        0.12139428406953812,
        0.06068571284413338,
        0.08821142464876175,
        0.05745142698287964,
        0.06991428136825562,
        0.049305714666843414,
        0.07209714502096176,
        0.1590571403503418,
        0.11057714372873306,
        0.1325371414422989,
        0.06648857146501541,
        0.16350571811199188,
        0.09161428362131119,
        0.06759714335203171,
        0.1036200001835823,
        0.0828428566455841,
        0.10329428315162659,
        0.09182571619749069,
        0.09574857354164124,
        0.23556570708751678,
        0.07537428289651871,
        0.1718199998140335,
        0.10393999516963959,
        0.13444000482559204,
        0.152065709233284,
        0.1785142868757248,
        0.17946857213974,
        0.1764228492975235,
        0.15773428976535797,
        0.18371714651584625,
        0.17922857403755188,
        0.2309914231300354,
        0.1720571368932724,
        0.1439514309167862,
        0.13713714480400085,
        0.29227712750434875,
        0.1784171462059021,
        0.24866856634616852,
        0.21972285211086273,
        0.16768571734428406,
        0.22323428094387054,
        0.18618571758270264,
        0.3012257218360901,
        0.18938285112380981,
        0.26257428526878357,
        0.29574283957481384,
        0.296608567237854,
        0.3034000098705292,
        0.2346571385860443
    ],
    "train_loss_history": [
        1.54307463994393,
        1.5221011776190538,
        1.4797058288867657,
        1.484874699360285,
        1.505845396946638,
        1.4981208443641663,
        1.4696734226666963,
        1.4803526676618135,
        1.401121770724272,
        1.3244401522171803,
        1.3091168709290333,
        1.2948822914025722,
        1.2860992550849915,
        1.2874373977000897,
        1.2785640679872954,
        1.2763233521045783,
        1.2757849311217284,
        1.2724187817329016,
        1.2589744421151967,
        1.2483237645564935,
        1.2351363377693372,
        1.2597930935712962,
        1.2249899384302971,
        1.2496681748292384,
        1.2217343189777472,
        1.2072325837917817,
        1.188052209524008,
        1.1785195530989232,
        1.1554905497110808,
        1.1340325428889348,
        1.1308319706183214,
        1.116721824193612,
        1.0798963950230525,
        1.0954011388314076,
        1.102005585646018,
        1.0603966269737635,
        1.045016164963062,
        1.026515463223824,
        1.0162170032660167,
        1.0035229753225277,
        0.9869777178153013,
        0.9813749369902488,
        0.9663199835862869,
        0.963698725669812,
        0.9559179468032641,
        0.9197782232211187,
        0.9166512344128046,
        0.9327110472397927,
        0.904495765765508,
        0.8887910338548514
    ],
    "val_loss_history": [
        1.5344357165423306,
        1.517623489553278,
        1.512613675811074,
        1.5521948771043257,
        1.5145032622597434,
        1.509903539310802,
        1.5397126566280017,
        1.4558143940838901,
        1.3317878679795698,
        1.3292854265733198,
        1.298232620412653,
        1.2975321032784202,
        1.278076713735407,
        1.2868314873088489,
        1.2753379453312268,
        1.3130052523179487,
        1.2860641371120105,
        1.269501881165938,
        1.269007303498008,
        1.2496220632032915,
        1.2509804422205144,
        1.268166422843933,
        1.2442222400145098,
        1.270192633975636,
        1.2415788986466147,
        1.26441368189725,
        1.257392319765958,
        1.242629506371238,
        1.2425395087762312,
        1.2451040636409412,
        1.262621592391621,
        1.269871104847301,
        1.2596139853650874,
        1.2862403772094033,
        1.252517353404652,
        1.3188247951594265,
        1.2811267321760005,
        1.3327504396438599,
        1.3270100409334356,
        1.339711525223472,
        1.3763220635327427,
        1.3776350834152915,
        1.3722148700193926,
        1.423379507931796,
        1.4120948314666748,
        1.4304106668992476,
        1.695349931716919,
        1.4557482925328342,
        1.512585374442014,
        1.5372125777331265
    ]
}