{
    "correct_weight": 0.9,
    "incorrect_weight": 2.0,
    "final_train_acc": 0.33759555220603943,
    "final_val_acc": 0.2656542956829071,
    "final_train_loss": 1.029698254970404,
    "final_val_loss": 1.535735162821683,
    "train_acc_history": [
        0.07862388342618942,
        0.10989716649055481,
        0.09776923060417175,
        0.1266198307275772,
        0.11236841976642609,
        0.087405264377594,
        0.08624331653118134,
        0.1266012191772461,
        0.09625465422868729,
        0.1373825967311859,
        0.09242226928472519,
        0.0977291464805603,
        0.11001741141080856,
        0.1221364364027977,
        0.12293927371501923,
        0.09243562817573547,
        0.11800161749124527,
        0.16082064807415009,
        0.16861295700073242,
        0.15216802060604095,
        0.17054696381092072,
        0.21570323407649994,
        0.21497328579425812,
        0.24022793769836426,
        0.24157975614070892,
        0.2579817771911621,
        0.2240639626979828,
        0.24289676547050476,
        0.25476881861686707,
        0.2501639723777771,
        0.2575591206550598,
        0.2546311616897583,
        0.2700420916080475,
        0.28052791953086853,
        0.2806813716888428,
        0.274865984916687,
        0.2870562672615051,
        0.29432427883148193,
        0.2936129570007324,
        0.30452510714530945,
        0.2994777262210846,
        0.30725303292274475,
        0.30307650566101074,
        0.31041496992111206,
        0.32466477155685425,
        0.32837003469467163,
        0.3277769088745117,
        0.3310048580169678,
        0.3305056691169739,
        0.33759555220603943
    ],
    "val_acc_history": [
        0.043862856924533844,
        0.05617714300751686,
        0.06871428340673447,
        0.07576856762170792,
        0.08513714373111725,
        0.08021143078804016,
        0.04481999948620796,
        0.10646285861730576,
        0.1790057122707367,
        0.07493714243173599,
        0.08240285515785217,
        0.07366856932640076,
        0.09227428585290909,
        0.07776857167482376,
        0.04797428473830223,
        0.09124571084976196,
        0.12192285805940628,
        0.1082228571176529,
        0.07079999893903732,
        0.13937999308109283,
        0.18608856201171875,
        0.22060856223106384,
        0.23202857375144958,
        0.2072114199399948,
        0.24105428159236908,
        0.2688399851322174,
        0.16982856392860413,
        0.23638856410980225,
        0.18677714467048645,
        0.22753427922725677,
        0.217094287276268,
        0.21369999647140503,
        0.219114288687706,
        0.23404571413993835,
        0.18958285450935364,
        0.18534857034683228,
        0.22581999003887177,
        0.19719427824020386,
        0.26261141896247864,
        0.2075057178735733,
        0.22690285742282867,
        0.18767999112606049,
        0.2234685719013214,
        0.23916856944561005,
        0.2502114176750183,
        0.24466857314109802,
        0.22414857149124146,
        0.25858572125434875,
        0.2652285695075989,
        0.2656542956829071
    ],
    "train_loss_history": [
        1.6197457007872753,
        1.594151558020176,
        1.5773295912987146,
        1.5693588195702968,
        1.5654446880022685,
        1.56936665223195,
        1.5620190470646589,
        1.599760455962939,
        1.5871225610757485,
        1.5779170057712457,
        1.5299027684407356,
        1.4956428515605438,
        1.464170787578974,
        1.45538164407779,
        1.4745016739918635,
        1.5072465798793695,
        1.4534449928846114,
        1.4039492500134003,
        1.4140435931010125,
        1.3615183662145565,
        1.3324285608071547,
        1.289535586650555,
        1.281836414948488,
        1.2530997089850597,
        1.25256196810649,
        1.228410535897964,
        1.300227587039654,
        1.2392934346810365,
        1.2287602760852911,
        1.2370720230616057,
        1.2036944474929419,
        1.2349313787924938,
        1.1860929055091662,
        1.1720558649454362,
        1.1628691645768972,
        1.183129194455269,
        1.14913643629123,
        1.1296223982786522,
        1.1301125272726402,
        1.110926438600589,
        1.1193545170319386,
        1.1023179667118268,
        1.103601832420398,
        1.0876085528960595,
        1.0667843940930488,
        1.0510469682705708,
        1.0444913835097582,
        1.045204751002483,
        1.0496332400884383,
        1.029698254970404
    ],
    "val_loss_history": [
        1.6224490295756946,
        1.6117599335583774,
        1.6476460586894641,
        1.6274462721564553,
        1.5809011676094749,
        1.5857128446752375,
        1.609082048589533,
        1.600456248630177,
        1.6010573127053,
        1.5999936949123035,
        1.6048886667598377,
        1.5896015600724653,
        1.5681620944630017,
        1.5919765775853938,
        1.6223928386514836,
        1.5627702799710361,
        1.5695687098936602,
        1.5375627821142024,
        1.4860672734000466,
        1.426052608273246,
        1.4820972681045532,
        1.4053495688871904,
        1.383466975255446,
        1.4232761751521716,
        1.3892506740309976,
        1.4335246140306646,
        1.3543301820755005,
        1.371735773303292,
        1.4744669090617786,
        1.4087204499678179,
        1.4066749215126038,
        1.4023719484155828,
        1.4269112131812356,
        1.4079342105171897,
        1.4357856945558027,
        1.4263525930317966,
        1.464497289874337,
        1.5076584328304639,
        1.4264790686694058,
        1.4946291284127668,
        1.4633148312568665,
        1.4960804364897988,
        1.5313300923867659,
        1.5672458139332859,
        1.5454117384823887,
        1.5516110170971265,
        1.5599362525072964,
        1.5446068156849255,
        1.562776966528459,
        1.535735162821683
    ]
}