{
    "correct_weight": 0.3,
    "incorrect_weight": 2.5,
    "final_train_acc": 0.3960372507572174,
    "final_val_acc": 0.2663942873477936,
    "final_train_loss": 0.9182779819537432,
    "final_val_loss": 2.211710675196214,
    "train_acc_history": [
        0.08207530528306961,
        0.11501011997461319,
        0.1001489907503128,
        0.10456963628530502,
        0.1002352237701416,
        0.10064615309238434,
        0.12042105197906494,
        0.12854251265525818,
        0.12545304000377655,
        0.14867530763149261,
        0.16287732124328613,
        0.17035627365112305,
        0.1766943335533142,
        0.17865343391895294,
        0.19100850820541382,
        0.19423319399356842,
        0.2019323855638504,
        0.2151554673910141,
        0.20584048330783844,
        0.21136882901191711,
        0.21845141053199768,
        0.23964817821979523,
        0.24243886768817902,
        0.24703562259674072,
        0.24851861596107483,
        0.2447352260351181,
        0.2600599229335785,
        0.26867246627807617,
        0.27452996373176575,
        0.2818935215473175,
        0.2860943377017975,
        0.29022711515426636,
        0.29495060443878174,
        0.30822956562042236,
        0.29949715733528137,
        0.31728461384773254,
        0.31815141439437866,
        0.3182101249694824,
        0.32596802711486816,
        0.3321530222892761,
        0.3352344036102295,
        0.343509316444397,
        0.3487105369567871,
        0.3527214527130127,
        0.36852550506591797,
        0.37191781401634216,
        0.3774368464946747,
        0.38265669345855713,
        0.38108745217323303,
        0.3960372507572174
    ],
    "val_acc_history": [
        0.04405999928712845,
        0.07008571177721024,
        0.044265713542699814,
        0.05014856904745102,
        0.05657428503036499,
        0.07960856705904007,
        0.07110857218503952,
        0.11725428700447083,
        0.17611999809741974,
        0.10094857215881348,
        0.15472285449504852,
        0.1439257115125656,
        0.17370571196079254,
        0.20860286056995392,
        0.16487428545951843,
        0.16083142161369324,
        0.12907713651657104,
        0.1863057166337967,
        0.16971714794635773,
        0.1641542762517929,
        0.23198285698890686,
        0.1490485668182373,
        0.20472857356071472,
        0.188400000333786,
        0.21079428493976593,
        0.22579999268054962,
        0.21685713529586792,
        0.2923942804336548,
        0.20186571776866913,
        0.2003600001335144,
        0.29723143577575684,
        0.22335141897201538,
        0.2806342840194702,
        0.2550142705440521,
        0.23263713717460632,
        0.2719257175922394,
        0.23549428582191467,
        0.2666771411895752,
        0.24371428787708282,
        0.27316856384277344,
        0.27588000893592834,
        0.2931828498840332,
        0.24989713728427887,
        0.294840008020401,
        0.28307998180389404,
        0.26897427439689636,
        0.242445707321167,
        0.3307914137840271,
        0.35296571254730225,
        0.2663942873477936
    ],
    "train_loss_history": [
        1.945633018628145,
        1.9173033864070208,
        1.881092166289305,
        1.9055587420096765,
        1.8731569525523064,
        1.8554209149800813,
        1.8457203736672034,
        1.8057697950265346,
        1.7004747406030312,
        1.6303532047149463,
        1.5831400599235144,
        1.5713978012402852,
        1.5403491793534694,
        1.5267531703679988,
        1.4861903358728459,
        1.4962178438137739,
        1.4556997265571203,
        1.4205936606113727,
        1.4408036577395904,
        1.418166770384862,
        1.3911863198647132,
        1.3600502090576367,
        1.341778767414582,
        1.3259819562618549,
        1.3199218129500365,
        1.3214199848664112,
        1.2845025964272327,
        1.2643122397936308,
        1.2506998074360383,
        1.2245447620367393,
        1.2115484537222447,
        1.199133785871359,
        1.1906960086944776,
        1.180735401618175,
        1.1850914022861383,
        1.1490334944847302,
        1.13983788780677,
        1.1253404846558204,
        1.1108460869544592,
        1.089179978156701,
        1.0871472679651701,
        1.054709403942793,
        1.0553730183686965,
        1.0223649090681322,
        1.0046313030597491,
        0.9820001522699991,
        0.9767632767176017,
        0.9615205457577338,
        0.9567456077306699,
        0.9182779819537432
    ],
    "val_loss_history": [
        1.9372854774648494,
        1.9130775928497314,
        1.9422995068810203,
        1.890488787130876,
        1.889627998525446,
        1.8336827863346448,
        1.8548575206236406,
        1.797018593007868,
        1.7122208638624712,
        1.672196626663208,
        1.6251552863554521,
        1.6285959157076748,
        1.6231032068079168,
        1.6179230429909446,
        1.6461933309381658,
        1.5900457122109153,
        1.6260414231907239,
        1.574599190191789,
        1.6183590238744563,
        1.5813327485864812,
        1.578381896018982,
        1.6018628748980435,
        1.63549175045707,
        1.6488233587958596,
        1.6463776501742275,
        1.690659999847412,
        1.7259376590902156,
        1.7598469745029102,
        1.7283589460633018,
        1.7397907213731245,
        1.8087604370984165,
        1.8102750994942405,
        1.8475365747104993,
        1.8005120916800066,
        1.8118021542375737,
        1.9360898733139038,
        1.8705685355446555,
        1.8678016283295371,
        2.054468198256059,
        2.139596066691659,
        1.9482595920562744,
        1.9979967204007236,
        2.101520836353302,
        2.012679809873754,
        2.069514762271534,
        2.117015074599873,
        2.117639747532931,
        2.0904342423785818,
        2.006504188884388,
        2.211710675196214
    ]
}