{
    "correct_weight": 0.1,
    "incorrect_weight": 2.5,
    "final_train_acc": 0.37679150700569153,
    "final_val_acc": 0.2606028616428375,
    "final_train_loss": 0.9547087848186493,
    "final_val_loss": 2.0583967837420376,
    "train_acc_history": [
        0.08270364254713058,
        0.11502914875745773,
        0.10789230465888977,
        0.09789878875017166,
        0.09560444951057434,
        0.13311214745044708,
        0.13521376252174377,
        0.12891700863838196,
        0.13829432427883148,
        0.15903644263744354,
        0.16417287290096283,
        0.17649999260902405,
        0.18122225999832153,
        0.18239717185497284,
        0.18927085399627686,
        0.19719554483890533,
        0.20081821084022522,
        0.21362712979316711,
        0.22377043962478638,
        0.22155587375164032,
        0.22941255569458008,
        0.23528015613555908,
        0.2452331930398941,
        0.2570089101791382,
        0.2548542618751526,
        0.2621724605560303,
        0.2639749050140381,
        0.2768230736255646,
        0.28779998421669006,
        0.2910190224647522,
        0.29119473695755005,
        0.2935153841972351,
        0.30277934670448303,
        0.3140793442726135,
        0.30899757146835327,
        0.3167983889579773,
        0.3197874426841736,
        0.32879555225372314,
        0.32541659474372864,
        0.3284522294998169,
        0.3370736837387085,
        0.3422461450099945,
        0.3543412983417511,
        0.34990203380584717,
        0.3594534397125244,
        0.35856518149375916,
        0.3684113323688507,
        0.37278905510902405,
        0.32779595255851746,
        0.37679150700569153
    ],
    "val_acc_history": [
        0.04497142881155014,
        0.1183885708451271,
        0.07404285669326782,
        0.05529142916202545,
        0.053039997816085815,
        0.06353714317083359,
        0.08229713886976242,
        0.14723142981529236,
        0.09550285339355469,
        0.10313428193330765,
        0.14401714503765106,
        0.14325714111328125,
        0.1935228556394577,
        0.28653714060783386,
        0.17987428605556488,
        0.22621142864227295,
        0.19996856153011322,
        0.20059999823570251,
        0.1292399913072586,
        0.1525142788887024,
        0.2141885757446289,
        0.16172285377979279,
        0.1710457056760788,
        0.22064857184886932,
        0.2260514199733734,
        0.27220284938812256,
        0.2503085732460022,
        0.23069427907466888,
        0.25979429483413696,
        0.23219142854213715,
        0.32677143812179565,
        0.23835141956806183,
        0.26654285192489624,
        0.20742857456207275,
        0.26460856199264526,
        0.17355714738368988,
        0.3240542709827423,
        0.28606000542640686,
        0.26671141386032104,
        0.30485427379608154,
        0.27672284841537476,
        0.2661828398704529,
        0.28980857133865356,
        0.2752514183521271,
        0.2710742950439453,
        0.2941199839115143,
        0.3355114161968231,
        0.337151437997818,
        0.3165428638458252,
        0.2606028616428375
    ],
    "train_loss_history": [
        1.9265464681845446,
        1.899887746725327,
        1.8467221917250218,
        1.820147509758289,
        1.8576988195761657,
        1.865825008123349,
        1.7996175503119445,
        1.6982761239394164,
        1.6300591658323238,
        1.5980219749303965,
        1.5521489931986883,
        1.5076798750804021,
        1.5000992967532232,
        1.478201727072398,
        1.4703939878023589,
        1.4366804636441743,
        1.4122597315372565,
        1.3864496487837572,
        1.3650799317237658,
        1.373666627284808,
        1.352006644774706,
        1.3296483480013335,
        1.3031150989043407,
        1.2895443087969072,
        1.2961461299504988,
        1.2725423727280054,
        1.2663593949415746,
        1.2364691144380815,
        1.2158658901850383,
        1.2082908688447414,
        1.196951450445713,
        1.1893063141749456,
        1.1773795867577577,
        1.1543393020446484,
        1.1534230189445691,
        1.1321584589970417,
        1.1159011247830513,
        1.0900796537215893,
        1.1073477336993585,
        1.0915541152159374,
        1.0798408091068268,
        1.0495436329108019,
        1.0309833188851674,
        1.0231972642433949,
        1.00255103294666,
        1.003040727132406,
        0.9750379385092319,
        0.9626558759273627,
        1.0648957391579945,
        0.9547087848186493
    ],
    "val_loss_history": [
        1.9152241295034236,
        1.8916946757923474,
        1.8791492852297695,
        1.902205835689198,
        1.919332428412004,
        1.906654173677618,
        1.7723311510953037,
        1.6827965649691494,
        1.6357383186166936,
        1.6114381009882146,
        1.6032621643759988,
        1.584295240315524,
        1.5858884074471213,
        1.6052397272803567,
        1.573728236285123,
        1.5780869072133845,
        1.5371638428081165,
        1.480597506869923,
        1.565937952561812,
        1.6025553941726685,
        1.6272517334331165,
        1.5559584552591497,
        1.6246645558964123,
        1.6630189202048562,
        1.6179484995928677,
        1.651086601344022,
        1.60466853055087,
        1.5995014255697078,
        1.696892727505077,
        1.8283253149552778,
        1.8204317472197793,
        1.7278911850669167,
        1.674652804027904,
        1.806152430447665,
        1.7463726780631326,
        1.811594383283095,
        1.8746348077600652,
        1.9863594662059436,
        1.9938795783303,
        2.036926421252164,
        1.9058970592238687,
        1.8912496241656216,
        1.9964393052187832,
        2.150016665458679,
        2.085976232181896,
        1.9569655440070413,
        2.0336788188327444,
        2.4622644023461775,
        1.9865259799090298,
        2.0583967837420376
    ]
}