{
    "correct_weight": 0.3,
    "incorrect_weight": 1.2,
    "final_train_acc": 0.32445424795150757,
    "final_val_acc": 0.33682283759117126,
    "final_train_loss": 0.5875235031812619,
    "final_val_loss": 0.8912411034107208,
    "train_acc_history": [
        0.08126356452703476,
        0.11664938926696777,
        0.10433562844991684,
        0.08052752912044525,
        0.10063360631465912,
        0.12871943414211273,
        0.12700404226779938,
        0.11411700397729874,
        0.17440809309482574,
        0.17291618883609772,
        0.1605445295572281,
        0.15744858980178833,
        0.1509384661912918,
        0.1470133662223816,
        0.14877206087112427,
        0.1468186229467392,
        0.14423198997974396,
        0.14064250886440277,
        0.1434558629989624,
        0.14269068837165833,
        0.14216841757297516,
        0.14814534783363342,
        0.14443279802799225,
        0.15054939687252045,
        0.15023845434188843,
        0.15202753245830536,
        0.15786883234977722,
        0.17319393157958984,
        0.17437246441841125,
        0.18523117899894714,
        0.1920141726732254,
        0.20582348108291626,
        0.21872186660766602,
        0.23001578450202942,
        0.24879838526248932,
        0.2550109326839447,
        0.25846922397613525,
        0.2596360445022583,
        0.2724514305591583,
        0.2788052558898926,
        0.2798595130443573,
        0.2978250980377197,
        0.3030489981174469,
        0.30211377143859863,
        0.3101631700992584,
        0.30905020236968994,
        0.32561051845550537,
        0.32256317138671875,
        0.31977611780166626,
        0.32445424795150757
    ],
    "val_acc_history": [
        0.05211428552865982,
        0.1106514260172844,
        0.06911714375019073,
        0.049479998648166656,
        0.0591028556227684,
        0.08358000218868256,
        0.10149428248405457,
        0.12299714237451553,
        0.24323713779449463,
        0.18294571340084076,
        0.13737142086029053,
        0.13370570540428162,
        0.18884000182151794,
        0.22827714681625366,
        0.12207428365945816,
        0.09884856641292572,
        0.07557428628206253,
        0.18039143085479736,
        0.10446285456418991,
        0.10794857144355774,
        0.1263599991798401,
        0.09774857014417648,
        0.11120571196079254,
        0.08663713932037354,
        0.14918571710586548,
        0.17380571365356445,
        0.1359342783689499,
        0.09300000220537186,
        0.1328342854976654,
        0.14842857420444489,
        0.2169514298439026,
        0.23059143126010895,
        0.16202570497989655,
        0.1811685711145401,
        0.27718570828437805,
        0.1457771360874176,
        0.2612742781639099,
        0.16173142194747925,
        0.2106057107448578,
        0.24093998968601227,
        0.21755142509937286,
        0.23463141918182373,
        0.27846571803092957,
        0.25465714931488037,
        0.25374284386634827,
        0.260105699300766,
        0.22268570959568024,
        0.2627914249897003,
        0.23392856121063232,
        0.33682283759117126
    ],
    "train_loss_history": [
        0.9488878647486368,
        0.9349505526897235,
        0.916487224591084,
        0.9209734392471802,
        0.9267051785420148,
        0.9142866409741915,
        0.9096187207943354,
        0.870575569379024,
        0.8426065704761407,
        0.8234479511395479,
        0.8127574920654297,
        0.807413250207901,
        0.8076550089395963,
        0.8041499364070404,
        0.7989927247548715,
        0.7982277663854452,
        0.7967782089343438,
        0.797374713115203,
        0.7921209870240628,
        0.79067712640151,
        0.7844660977522532,
        0.7827136409588349,
        0.7796386419198452,
        0.77204185571426,
        0.765022662969736,
        0.7570713842526461,
        0.7511838590487455,
        0.7337128298404889,
        0.721599742388114,
        0.7083950447730529,
        0.6986769369015327,
        0.6999210172738785,
        0.684240365639711,
        0.6829851605953314,
        0.6677354956284548,
        0.6643166939417521,
        0.6570463203466855,
        0.6636062264442444,
        0.6519321539463141,
        0.6476429074238508,
        0.6429396073023478,
        0.6309545063055478,
        0.6229092960174267,
        0.6205964218347501,
        0.6111818926456647,
        0.6136624476848505,
        0.6024888410018041,
        0.5975927679966657,
        0.5943549214265286,
        0.5875235031812619
    ],
    "val_loss_history": [
        0.9444283626296304,
        0.9316818118095398,
        0.9350282062183727,
        0.9454635381698608,
        0.9305521466515281,
        0.9557024294679816,
        0.8630312301895835,
        0.8517858386039734,
        0.8236391327597878,
        0.8141300569881093,
        0.8049751140854575,
        0.814290929924358,
        0.8047390959479592,
        0.8000718463550914,
        0.7941457845947959,
        0.8001688556237654,
        0.7982419783418829,
        0.7982079603455283,
        0.7945050868121061,
        0.7958563457835804,
        0.7925427718596025,
        0.7954813512888822,
        0.7931398207491095,
        0.7906959002668207,
        0.7896690260280262,
        0.7945073246955872,
        0.7885288433595137,
        0.802070601419969,
        0.8018587177450006,
        0.7943382642485879,
        0.785922034220262,
        0.7839465737342834,
        0.7935431545430963,
        0.8134242567149076,
        0.793233107436787,
        0.8073672110384161,
        0.8121187470176003,
        0.7954311479221691,
        0.8198012763803656,
        0.819791701706973,
        0.8004595068368044,
        0.8465275168418884,
        0.8215324553576383,
        0.8452507853507996,
        0.8768441677093506,
        0.8503186756914313,
        0.8485506718808954,
        0.8099746324799277,
        0.918623761697249,
        0.8912411034107208
    ]
}