{
    "correct_weight": 0.1,
    "incorrect_weight": 1.2,
    "final_train_acc": 0.21391983330249786,
    "final_val_acc": 0.22556285560131073,
    "final_train_loss": 0.6737951323007926,
    "final_val_loss": 0.7569890455766157,
    "train_acc_history": [
        0.08230890333652496,
        0.11577975749969482,
        0.11287610977888107,
        0.09419352561235428,
        0.09538178145885468,
        0.105940081179142,
        0.10739757120609283,
        0.12061133235692978,
        0.13769635558128357,
        0.11551821976900101,
        0.09143643826246262,
        0.09770971536636353,
        0.10820323973894119,
        0.12157732993364334,
        0.08346113562583923,
        0.10887409001588821,
        0.10915505886077881,
        0.10266558825969696,
        0.08960769325494766,
        0.12479392439126968,
        0.11038745194673538,
        0.10264980047941208,
        0.10743967443704605,
        0.14681214094161987,
        0.082193523645401,
        0.12399838119745255,
        0.09373967349529266,
        0.11156032234430313,
        0.13754452764987946,
        0.12028056383132935,
        0.09879959374666214,
        0.14471133053302765,
        0.16258461773395538,
        0.16297894716262817,
        0.16674332320690155,
        0.16598299145698547,
        0.16893845796585083,
        0.16818663477897644,
        0.16102145612239838,
        0.16220404207706451,
        0.17620526254177094,
        0.18660525977611542,
        0.18773886561393738,
        0.19217166304588318,
        0.1965307742357254,
        0.20211336016654968,
        0.20218421518802643,
        0.1982048600912094,
        0.22044332325458527,
        0.21391983330249786
    ],
    "val_acc_history": [
        0.045585714280605316,
        0.1272457093000412,
        0.04675428569316864,
        0.058882854878902435,
        0.08869142830371857,
        0.08515142649412155,
        0.040134284645318985,
        0.0645485669374466,
        0.0828000009059906,
        0.0605342835187912,
        0.049474284052848816,
        0.07532857358455658,
        0.07643714547157288,
        0.12222285568714142,
        0.07410570979118347,
        0.09856285899877548,
        0.08683999627828598,
        0.07884285598993301,
        0.10250571370124817,
        0.11442285776138306,
        0.08253142982721329,
        0.2175828516483307,
        0.13281428813934326,
        0.03555714339017868,
        0.0459342859685421,
        0.08759713917970657,
        0.05058571323752403,
        0.06166285648941994,
        0.0540485717356205,
        0.07017428427934647,
        0.14868570864200592,
        0.07734571397304535,
        0.22267141938209534,
        0.19089999794960022,
        0.20197713375091553,
        0.24443714320659637,
        0.14426571130752563,
        0.24418571591377258,
        0.1848057061433792,
        0.26104000210762024,
        0.14141428470611572,
        0.18908286094665527,
        0.3059171438217163,
        0.16737714409828186,
        0.2676885724067688,
        0.23776285350322723,
        0.20289142429828644,
        0.14374570548534393,
        0.1549171358346939,
        0.22556285560131073
    ],
    "train_loss_history": [
        0.9298165608675052,
        0.9170634662493681,
        0.8995362153420081,
        0.8826551146996326,
        0.8772961917595986,
        0.8503887133720593,
        0.8423134012100024,
        0.9021764244788733,
        0.8809250784225953,
        0.8698254678493891,
        0.8618517388135959,
        0.8704109413501544,
        0.8528780111899743,
        0.8888253309787848,
        0.869991422463686,
        0.8655372911538833,
        0.8769680857658386,
        0.8362083396850488,
        0.8364871885531988,
        0.8496885253832891,
        0.8240670187351031,
        0.8161889177102309,
        0.8089741544845777,
        0.8392623128035129,
        0.9088340814297016,
        0.8846106575085566,
        0.9151785251421806,
        0.9034159550300012,
        0.8813535609306433,
        0.8690244127542545,
        0.8327120527243003,
        0.8115936777530572,
        0.7945848420644418,
        0.7812003898314941,
        0.764288740280347,
        0.7624645905616956,
        0.7584348359169104,
        0.7586709757645925,
        0.771361707112728,
        0.7622064390243628,
        0.7295237229420588,
        0.7235765556494395,
        0.7143211876734709,
        0.7138305115394104,
        0.7078723128025348,
        0.6994376251330743,
        0.7026121364190028,
        0.6971073937721741,
        0.67620572524193,
        0.6737951323007926
    ],
    "val_loss_history": [
        0.9248283884742043,
        0.9152352105487477,
        0.9232217561114918,
        0.9116988507184115,
        0.8857085542245344,
        0.892169177532196,
        0.9577012116258795,
        0.9138605703007091,
        0.8784178224476901,
        0.886763334274292,
        0.9229914491826837,
        0.9156470027836886,
        0.9087928533554077,
        0.9007474942640825,
        0.8971935510635376,
        0.8975150097500194,
        0.9284331527623263,
        0.9125716198574413,
        0.8938379721208052,
        0.8387047106569464,
        0.8698559132489291,
        0.8933671333573081,
        0.8697154142639854,
        0.9308394193649292,
        0.942633720961484,
        0.8971138271418485,
        0.9294552098621022,
        0.9015155001120134,
        0.9524658593264493,
        0.8538476445458152,
        0.8144996870647777,
        0.7977326620708812,
        0.789060505953702,
        0.7736674276265231,
        0.7700168219479647,
        0.7840514779090881,
        0.7664497332139448,
        0.7779563069343567,
        0.7760799310424111,
        0.7921502102505077,
        0.7716224085200917,
        0.7888614210215482,
        0.787196858362718,
        0.7640971378846602,
        0.788173106583682,
        0.7732578055425123,
        0.7835694497281854,
        0.7620803442868319,
        0.7675663178617304,
        0.7569890455766157
    ]
}