{
    "correct_weight": 0.5,
    "incorrect_weight": 2.0,
    "final_train_acc": 0.366203635931015,
    "final_val_acc": 0.29672572016716003,
    "final_train_loss": 0.8920153547555972,
    "final_val_loss": 1.6180711063471707,
    "train_acc_history": [
        0.08137571066617966,
        0.11774007976055145,
        0.0997457504272461,
        0.10538016259670258,
        0.11587084829807281,
        0.11440364271402359,
        0.1171242892742157,
        0.12851417064666748,
        0.15849514305591583,
        0.149767205119133,
        0.144895538687706,
        0.15127165615558624,
        0.14890283346176147,
        0.145467609167099,
        0.14563927054405212,
        0.14522145688533783,
        0.14680121839046478,
        0.1452951431274414,
        0.15349432826042175,
        0.15704938769340515,
        0.15676558017730713,
        0.17195141315460205,
        0.1659635603427887,
        0.17590202391147614,
        0.16475951671600342,
        0.19084736704826355,
        0.21088218688964844,
        0.2170550525188446,
        0.21903319656848907,
        0.2418753057718277,
        0.24421700835227966,
        0.2563372552394867,
        0.2675287425518036,
        0.2823186218738556,
        0.28780728578567505,
        0.29597043991088867,
        0.2859550714492798,
        0.2992927134037018,
        0.31288662552833557,
        0.3093501925468445,
        0.320507287979126,
        0.3303182125091553,
        0.32965385913848877,
        0.33305221796035767,
        0.326429158449173,
        0.34830689430236816,
        0.34216681122779846,
        0.3486016094684601,
        0.3559461534023285,
        0.366203635931015
    ],
    "val_acc_history": [
        0.06433428823947906,
        0.07858285307884216,
        0.08609999716281891,
        0.05006000027060509,
        0.07218285650014877,
        0.06576285511255264,
        0.10258571058511734,
        0.13480570912361145,
        0.06673714518547058,
        0.06416285783052444,
        0.09331714361906052,
        0.12224285304546356,
        0.15378570556640625,
        0.1732514202594757,
        0.06745428591966629,
        0.06282000243663788,
        0.06598000228404999,
        0.06825428456068039,
        0.06652285903692245,
        0.06453999876976013,
        0.20094570517539978,
        0.0970914289355278,
        0.1309371441602707,
        0.12757427990436554,
        0.1282971352338791,
        0.18624000251293182,
        0.1320171356201172,
        0.21078285574913025,
        0.19562000036239624,
        0.2240999937057495,
        0.27390286326408386,
        0.2234542816877365,
        0.2824428677558899,
        0.22568856179714203,
        0.28016284108161926,
        0.19339428842067719,
        0.2786828577518463,
        0.21319714188575745,
        0.2358485609292984,
        0.20322571694850922,
        0.22598570585250854,
        0.23958571255207062,
        0.23117999732494354,
        0.2944571375846863,
        0.2463342845439911,
        0.26379141211509705,
        0.21955427527427673,
        0.2777285575866699,
        0.2723228633403778,
        0.29672572016716003
    ],
    "train_loss_history": [
        1.5814380370653593,
        1.5592819452285767,
        1.5455125677279937,
        1.5676137254788325,
        1.5457921853432288,
        1.511048741829701,
        1.4369113063200927,
        1.4044452141492794,
        1.365377893814674,
        1.352984374914414,
        1.345722585152357,
        1.337015491265517,
        1.3275647851137014,
        1.3315769861906002,
        1.325468822931632,
        1.3194279502599666,
        1.3116847612918952,
        1.3026835169547644,
        1.292364435318189,
        1.274638845370366,
        1.267111442027948,
        1.2585496230003161,
        1.257205264690595,
        1.2305053273836772,
        1.2626665586080306,
        1.199801544348399,
        1.1797402592805715,
        1.1624467067229443,
        1.1685446561911168,
        1.12977527655088,
        1.122420269709367,
        1.109532282138482,
        1.0875432262053857,
        1.0757817373825953,
        1.0588157161688194,
        1.0414299483482654,
        1.0528577711337652,
        1.0454972172394776,
        1.0143070205664024,
        1.0111017693311741,
        0.9936300049989651,
        0.9760696009183542,
        0.9815666010746589,
        0.9559250351710197,
        0.9708451728026072,
        0.9287475454501617,
        0.9398459501755543,
        0.9315583805243174,
        0.9044951460300348,
        0.8920153547555972
    ],
    "val_loss_history": [
        1.574040261181918,
        1.5715599601919001,
        1.5642607645554976,
        1.5926960815082898,
        1.5536836819215254,
        1.494617603041909,
        1.411715800111944,
        1.366550781510093,
        1.3500756133686413,
        1.3356103030118076,
        1.3273381428285078,
        1.3334012139927258,
        1.324561899358576,
        1.3374578302556819,
        1.31675246628848,
        1.331754359331998,
        1.3228660930286755,
        1.320556879043579,
        1.309441414746371,
        1.3240506757389416,
        1.3454276540062644,
        1.2986992055719548,
        1.3035598451440984,
        1.308727123520591,
        1.3165541724725203,
        1.3415762890468945,
        1.313448960130865,
        1.3341438932852312,
        1.3100350390781055,
        1.2877146059816533,
        1.4008310003714128,
        1.3490116379477761,
        1.4028073820200833,
        1.4065854766152122,
        1.3846166188066655,
        1.3858482024886392,
        1.3810804161158474,
        1.4054967598481611,
        1.4786917892369358,
        1.3705702044747092,
        1.404646705497395,
        1.52087448943745,
        1.4212002916769548,
        1.5836566795002331,
        1.4951022863388062,
        1.656198181889274,
        1.5492670265111057,
        1.5479282303289934,
        1.6078955368562178,
        1.6180711063471707
    ]
}