{
    "correct_weight": 0.7,
    "incorrect_weight": 2.5,
    "final_train_acc": 0.12289230525493622,
    "final_val_acc": 0.0709514245390892,
    "final_train_loss": 1.9631000665517955,
    "final_val_loss": 1.9550375613299282,
    "train_acc_history": [
        0.08092550933361053,
        0.11890324205160141,
        0.09384007751941681,
        0.11439473927021027,
        0.10807409137487411,
        0.0840647742152214,
        0.09317328035831451,
        0.09319189935922623,
        0.13321052491664886,
        0.09810242801904678,
        0.10630486160516739,
        0.1130785420536995,
        0.11587854474782944,
        0.12087935209274292,
        0.0911749005317688,
        0.10770769417285919,
        0.11045829951763153,
        0.1199902817606926,
        0.13200202584266663,
        0.11445465683937073,
        0.11531254649162292,
        0.11202631890773773,
        0.1120295524597168,
        0.11514939367771149,
        0.11894048750400543,
        0.13164453208446503,
        0.12154777348041534,
        0.12111497670412064,
        0.14321012794971466,
        0.1396493911743164,
        0.1346680223941803,
        0.048014573752880096,
        0.10813359916210175,
        0.10342510044574738,
        0.1061829924583435,
        0.10803239047527313,
        0.10914453119039536,
        0.11018259078264236,
        0.1131797581911087,
        0.11476235091686249,
        0.11476113647222519,
        0.11666801571846008,
        0.11765546351671219,
        0.1181093081831932,
        0.11862510442733765,
        0.11976437270641327,
        0.11851295828819275,
        0.12250930815935135,
        0.12173683941364288,
        0.12289230525493622
    ],
    "val_acc_history": [
        0.05689428374171257,
        0.05559714138507843,
        0.06660857051610947,
        0.057354286313056946,
        0.07165428251028061,
        0.040205713361501694,
        0.04677142947912216,
        0.06401428580284119,
        0.6592828631401062,
        0.036654286086559296,
        0.25624001026153564,
        0.05175714194774628,
        0.0524628572165966,
        0.06388857215642929,
        0.06999428570270538,
        0.0774657130241394,
        0.06796856969594955,
        0.04574856907129288,
        0.16830000281333923,
        0.20059999823570251,
        0.16089142858982086,
        0.17691713571548462,
        0.19155427813529968,
        0.06106571480631828,
        0.06440000236034393,
        0.04600571468472481,
        0.06255713850259781,
        0.07486285269260406,
        0.07175428420305252,
        0.07989142835140228,
        0.04034857079386711,
        0.0457514263689518,
        0.038194283843040466,
        0.042648572474718094,
        0.04742571339011192,
        0.04526571184396744,
        0.044205714017152786,
        0.05455714091658592,
        0.06049714237451553,
        0.05803428590297699,
        0.0642971396446228,
        0.0496971420943737,
        0.058888569474220276,
        0.04887714236974716,
        0.04868285730481148,
        0.054831426590681076,
        0.06436285376548767,
        0.07020571082830429,
        0.13119713962078094,
        0.0709514245390892
    ],
    "train_loss_history": [
        1.9840555863502698,
        1.9543357415077014,
        1.9035075291609154,
        1.8972406555444767,
        1.9310262952095423,
        1.9178775732333844,
        1.9800369158769264,
        1.9661868994052594,
        1.9594532129092095,
        1.986416051020989,
        1.982886791229248,
        1.9759108225504558,
        1.9637161279336,
        1.9559479325245588,
        1.9745641014514825,
        1.9641268925789075,
        1.9528157527630146,
        1.9504799980383654,
        1.9857745231726232,
        1.982882673923786,
        1.9809629657329657,
        1.9804366613045716,
        1.9756625386384816,
        1.9719333083201678,
        1.9592045087080736,
        1.9560279907324376,
        1.9487026165693233,
        1.9533106302603698,
        1.9629249160106366,
        1.9550641347200444,
        1.9986975345856104,
        1.9864850426331544,
        1.9839869294411097,
        1.986318329970042,
        1.9847135131175702,
        1.9837311980051873,
        1.9817698475642083,
        1.980180411766737,
        1.9787457294953175,
        1.978372803101173,
        1.9755319968248024,
        1.9757330998396263,
        1.9735054618273027,
        1.9741225426013653,
        1.9726028717481172,
        1.9708688274407997,
        1.970789025991391,
        1.9668100629097376,
        1.9649352584129725,
        1.9631000665517955
    ],
    "val_loss_history": [
        1.97550630569458,
        2.0004322745583276,
        1.9865608540448276,
        1.945691553029147,
        1.9950950254093518,
        1.984234018759294,
        1.9770705916664817,
        1.9681610410863704,
        2.0451257445595483,
        1.9777707294984297,
        1.9586401310834018,
        1.9637736407193271,
        1.9911410483446987,
        1.9795666391199285,
        1.968497709794478,
        1.9532437866384333,
        1.9308711940591985,
        1.9752669659527866,
        1.9871975508603184,
        1.9905389113859697,
        1.9881296699697322,
        1.9688363617116755,
        1.9371373653411865,
        1.9898298328573054,
        1.9850690364837646,
        1.9968628449873491,
        1.9566596096212214,
        1.9901551008224487,
        1.9716203212738037,
        1.937237403609536,
        1.989183935252103,
        1.965309208089655,
        1.9972945668480613,
        1.9785240346735173,
        1.9580293026837436,
        1.9671765999360518,
        1.9760479493574663,
        1.9470400593497537,
        1.9426067634062334,
        1.9594761783426458,
        1.9352930350737139,
        1.985791802406311,
        1.9631536223671653,
        1.9985918348485774,
        1.997842875393954,
        1.9812672246586194,
        1.9534670981493862,
        1.954671404578469,
        1.9460961060090498,
        1.9550375613299282
    ]
}