{
    "correct_weight": 1.0,
    "incorrect_weight": 2.5,
    "final_train_acc": 0.13955506682395935,
    "final_val_acc": 0.15649713575839996,
    "final_train_loss": 1.6774876820735443,
    "final_val_loss": 1.7040766802701084,
    "train_acc_history": [
        0.07930243015289307,
        0.11387570947408676,
        0.08485505729913712,
        0.09730324149131775,
        0.10285019874572754,
        0.12057975679636002,
        0.10579676181077957,
        0.08942145854234695,
        0.10124817490577698,
        0.10161983966827393,
        0.1048971638083458,
        0.10757732391357422,
        0.12258420884609222,
        0.1134631559252739,
        0.0853121429681778,
        0.10586842149496078,
        0.1067696362733841,
        0.11233198642730713,
        0.11725263297557831,
        0.14939959347248077,
        0.12085465341806412,
        0.14890120923519135,
        0.15945222973823547,
        0.1602672040462494,
        0.15560810267925262,
        0.15112145245075226,
        0.1548238843679428,
        0.14800971746444702,
        0.14691174030303955,
        0.1443890631198883,
        0.1399044543504715,
        0.14445020258426666,
        0.14049798250198364,
        0.13943400979042053,
        0.14043401181697845,
        0.13892348110675812,
        0.13647571206092834,
        0.13950850069522858,
        0.1371125429868698,
        0.13776639103889465,
        0.13731376826763153,
        0.1407230794429779,
        0.14214736223220825,
        0.14301012456417084,
        0.14630566537380219,
        0.1527417004108429,
        0.13918623328208923,
        0.13622267544269562,
        0.13870567083358765,
        0.13955506682395935
    ],
    "val_acc_history": [
        0.05786285549402237,
        0.05793142691254616,
        0.08751428127288818,
        0.06874857097864151,
        0.09684285521507263,
        0.10408856719732285,
        0.05761714279651642,
        0.10282856971025467,
        0.07192571461200714,
        0.10359428077936172,
        0.08512571454048157,
        0.06787999719381332,
        0.07117713987827301,
        0.04134571552276611,
        0.03675714135169983,
        0.03959714248776436,
        0.049054283648729324,
        0.05836857110261917,
        0.06503142416477203,
        0.0594257116317749,
        0.1201142817735672,
        0.1931314319372177,
        0.15341714024543762,
        0.10149428248405457,
        0.11844857037067413,
        0.13354571163654327,
        0.10336857289075851,
        0.20474570989608765,
        0.16517142951488495,
        0.14784857630729675,
        0.12392285466194153,
        0.08999714255332947,
        0.09901714324951172,
        0.13340285420417786,
        0.16804571449756622,
        0.11107143014669418,
        0.18878285586833954,
        0.11328856647014618,
        0.15329428017139435,
        0.1463257074356079,
        0.15041428804397583,
        0.09738285839557648,
        0.13524571061134338,
        0.15322856605052948,
        0.09552857279777527,
        0.1521800011396408,
        0.07998571544885635,
        0.13298000395298004,
        0.08785142749547958,
        0.15649713575839996
    ],
    "train_loss_history": [
        2.012846488219041,
        1.9808172216782203,
        1.9319776113216693,
        1.9114106679574037,
        1.8692715167999268,
        1.9057475007497346,
        1.907790598196861,
        1.89975211253533,
        1.9227250141975207,
        1.9116656260612683,
        1.8577457437148461,
        1.908766480592581,
        1.912409143570142,
        1.8515563332117522,
        2.0130706979678226,
        2.013654111287533,
        2.012282296633109,
        2.008924725728157,
        2.0074229637781777,
        1.9927306710145412,
        1.8530848270807512,
        1.7927920848895342,
        1.7654454280168583,
        1.7640286577053559,
        1.7442178558080623,
        1.7421564719615839,
        1.7340398629506428,
        1.7331394048837514,
        1.7255892172837868,
        1.7237371771763532,
        1.718011940136934,
        1.7143533367377062,
        1.712168568219894,
        1.7084934879571965,
        1.7067420986982493,
        1.7041653899046092,
        1.7003183655249767,
        1.6984595289597144,
        1.6987254543182178,
        1.693769775904142,
        1.681505663272662,
        1.6780297603362646,
        1.6685625513394673,
        1.6639298231173785,
        1.6415445942145128,
        1.6262705723444622,
        1.7042223169253423,
        1.6889526293827937,
        1.6690779404762464,
        1.6774876820735443
    ],
    "val_loss_history": [
        2.009030829776417,
        2.0124206001108345,
        2.0944075367667456,
        2.010259335691279,
        1.989814205603166,
        1.987933180548928,
        1.988694732839411,
        1.9407844218340786,
        2.002071651545438,
        2.0013070648366753,
        1.9828254634683782,
        2.0146379362453115,
        1.9861106330698186,
        2.0134456157684326,
        2.0055454210801558,
        2.0038556185635654,
        2.0014788020740855,
        2.0009853839874268,
        1.9979936209591953,
        1.9171046126972546,
        1.808096007867293,
        1.7632215890017422,
        1.7661876678466797,
        1.7317164594476873,
        1.7412737716328015,
        1.7524901953610508,
        1.716303131797097,
        1.720751784064553,
        1.7238540324297817,
        1.7139683745124124,
        1.7039025696841152,
        1.7345992001620205,
        1.702308015389876,
        1.7089492190967908,
        1.7104543122378262,
        1.696845683184537,
        1.710577206178145,
        1.6916256492788142,
        1.6946907910433682,
        1.6936756589195945,
        1.69674504886974,
        1.680385340343822,
        1.701136513189836,
        1.695204658941789,
        1.6770106879147617,
        1.7174927971579812,
        1.707267327742143,
        1.6844274997711182,
        1.716496836055409,
        1.7040766802701084
    ]
}