{
    "correct_weight": 0.1,
    "incorrect_weight": 1.0,
    "final_train_acc": 0.3409404754638672,
    "final_val_acc": 0.16889142990112305,
    "final_train_loss": 0.4451434971430363,
    "final_val_loss": 0.7933488379825245,
    "train_acc_history": [
        0.08220849931240082,
        0.11622914671897888,
        0.10011659562587738,
        0.09622631222009659,
        0.11572510004043579,
        0.1225704476237297,
        0.11783117055892944,
        0.10033562779426575,
        0.1224421039223671,
        0.11035262793302536,
        0.12517043948173523,
        0.142159104347229,
        0.11285586655139923,
        0.1143408939242363,
        0.13465586304664612,
        0.15338826179504395,
        0.154532790184021,
        0.16046355664730072,
        0.15798987448215485,
        0.16840769350528717,
        0.17153725028038025,
        0.18357084691524506,
        0.1855413019657135,
        0.18624979257583618,
        0.19451133906841278,
        0.19843927025794983,
        0.2070506066083908,
        0.19596032798290253,
        0.2171967625617981,
        0.22685830295085907,
        0.2385113388299942,
        0.24532510340213776,
        0.25281983613967896,
        0.25956395268440247,
        0.24661214649677277,
        0.26540565490722656,
        0.26208218932151794,
        0.2791084945201874,
        0.2778538465499878,
        0.28310486674308777,
        0.29637327790260315,
        0.2938404977321625,
        0.3081955313682556,
        0.3127133548259735,
        0.31771335005760193,
        0.32085344195365906,
        0.3330587148666382,
        0.32141780853271484,
        0.3353736698627472,
        0.3409404754638672
    ],
    "val_acc_history": [
        0.04737714305520058,
        0.10697142779827118,
        0.1304199993610382,
        0.048725713044404984,
        0.07087428122758865,
        0.06432285904884338,
        0.041994284838438034,
        0.05314571410417557,
        0.05315142869949341,
        0.048831429332494736,
        0.06494571268558502,
        0.15378856658935547,
        0.09730285406112671,
        0.11165142804384232,
        0.14741714298725128,
        0.1606028527021408,
        0.06467428803443909,
        0.09054571390151978,
        0.09421714395284653,
        0.121714286506176,
        0.16951999068260193,
        0.1265285760164261,
        0.1780799925327301,
        0.15669143199920654,
        0.1565742790699005,
        0.1938314288854599,
        0.18173713982105255,
        0.16296285390853882,
        0.19511428475379944,
        0.2083885669708252,
        0.3063828647136688,
        0.13195714354515076,
        0.21092285215854645,
        0.2497600018978119,
        0.24871428310871124,
        0.17792285978794098,
        0.28248855471611023,
        0.24619999527931213,
        0.33578285574913025,
        0.3118142783641815,
        0.212291419506073,
        0.23706285655498505,
        0.2314257174730301,
        0.242222860455513,
        0.19693714380264282,
        0.24364285171031952,
        0.30922284722328186,
        0.2677571475505829,
        0.23745141923427582,
        0.16889142990112305
    ],
    "train_loss_history": [
        0.7763693554279132,
        0.7657906267887507,
        0.7499626775582632,
        0.7736460719353113,
        0.7679766126168079,
        0.7587892168607467,
        0.7609159717193017,
        0.7682738456970606,
        0.7561730948778299,
        0.7715465938433622,
        0.7641512033266898,
        0.7483853850609217,
        0.7161464721728594,
        0.6930249386873001,
        0.6702328125635783,
        0.6553779825186118,
        0.6438623445156293,
        0.6389337441860101,
        0.6266974325363452,
        0.6160792089425601,
        0.6096946956255497,
        0.6024542038257306,
        0.589355740791712,
        0.5884045798044938,
        0.5800896607912503,
        0.5736473042231339,
        0.5659629458036178,
        0.5849314561256995,
        0.5564596129533572,
        0.5475371942306176,
        0.5381013858012664,
        0.5400080531835556,
        0.5291246362985709,
        0.5268621643384298,
        0.5273073074909357,
        0.5180847300932958,
        0.5132359373263824,
        0.5027822729868766,
        0.49803889218049174,
        0.49693512037778514,
        0.48564332952866185,
        0.48669421749237257,
        0.4776733662837591,
        0.47099385620691836,
        0.47011369925278884,
        0.46422951993269795,
        0.45458577496883196,
        0.46542785374017864,
        0.44972908382232374,
        0.4451434971430363
    ],
    "val_loss_history": [
        0.7726075974377719,
        0.761484297839078,
        0.7602798396890814,
        0.7737660082903776,
        0.7614580284465443,
        0.7634342150254683,
        0.7715596773407676,
        0.7600108330900018,
        0.7722319256175648,
        0.7722253420136191,
        0.7527739243073897,
        0.7232010527090593,
        0.6996102820743214,
        0.6766118461435492,
        0.6783457831902937,
        0.6737141500819813,
        0.6636982668529857,
        0.6520102620124817,
        0.654536946253343,
        0.6417256810448386,
        0.644024366682226,
        0.6215754557739605,
        0.6441875479438088,
        0.640220279043371,
        0.6373973001133312,
        0.6341133253140883,
        0.6310772164301439,
        0.6285294185985218,
        0.6291282800110903,
        0.6284742138602517,
        0.6628054895184257,
        0.6567150760780681,
        0.645973189310594,
        0.6740214255723086,
        0.6468652811917391,
        0.6738089973276312,
        0.6694265360181982,
        0.7134718596935272,
        0.7304163602265444,
        0.7319579395380887,
        0.7089558270844546,
        0.7298233807086945,
        0.7392076091332869,
        0.7620667192068967,
        0.7597879577766765,
        0.7484926039522345,
        0.7813989520072937,
        0.7444529343735088,
        0.7853430970148607,
        0.7933488379825245
    ]
}