{
    "correct_weight": 0.7,
    "incorrect_weight": 1.5,
    "final_train_acc": 0.3498914837837219,
    "final_val_acc": 0.28024858236312866,
    "final_train_loss": 0.7358694000121875,
    "final_val_loss": 1.2177399342710322,
    "train_acc_history": [
        0.07845627516508102,
        0.10904251039028168,
        0.09408704191446304,
        0.09695546329021454,
        0.10535910725593567,
        0.10963481664657593,
        0.11702428758144379,
        0.10146720707416534,
        0.119462750852108,
        0.09595991671085358,
        0.10945060849189758,
        0.10283522307872772,
        0.13479109108448029,
        0.13430283963680267,
        0.15988947451114655,
        0.1644732803106308,
        0.16960971057415009,
        0.167313352227211,
        0.17466558516025543,
        0.17390041053295135,
        0.17907652258872986,
        0.1794923096895218,
        0.18658988177776337,
        0.19374412298202515,
        0.20676113665103912,
        0.20858705043792725,
        0.2242368459701538,
        0.23455020785331726,
        0.24364130198955536,
        0.24815303087234497,
        0.26077166199684143,
        0.26381537318229675,
        0.2791101336479187,
        0.29320889711380005,
        0.2948230803012848,
        0.30154210329055786,
        0.2958684265613556,
        0.3099631667137146,
        0.31762591004371643,
        0.2924380600452423,
        0.28916195034980774,
        0.30663764476776123,
        0.32205140590667725,
        0.3260931074619293,
        0.33895790576934814,
        0.3474700450897217,
        0.3585076928138733,
        0.3473036289215088,
        0.33824291825294495,
        0.3498914837837219
    ],
    "val_acc_history": [
        0.05233714357018471,
        0.05780285596847534,
        0.10523714125156403,
        0.0742228552699089,
        0.18216285109519958,
        0.1149199977517128,
        0.06735143065452576,
        0.07883714139461517,
        0.08357428759336472,
        0.04408285766839981,
        0.07060285657644272,
        0.13025428354740143,
        0.11537142843008041,
        0.20711427927017212,
        0.1577657163143158,
        0.271699994802475,
        0.1704714298248291,
        0.19398856163024902,
        0.16553428769111633,
        0.1860942840576172,
        0.08678285777568817,
        0.1386742889881134,
        0.1356542855501175,
        0.186431422829628,
        0.18034571409225464,
        0.2401457130908966,
        0.23564857244491577,
        0.13719429075717926,
        0.19589999318122864,
        0.1951628476381302,
        0.240034282207489,
        0.20116285979747772,
        0.21356286108493805,
        0.28240570425987244,
        0.26384857296943665,
        0.22793714702129364,
        0.23045714199543,
        0.2628714144229889,
        0.2646256983280182,
        0.21478284895420074,
        0.2336857169866562,
        0.2688800096511841,
        0.273468554019928,
        0.26293712854385376,
        0.23692286014556885,
        0.2742571532726288,
        0.2585456967353821,
        0.2201542854309082,
        0.24802285432815552,
        0.28024858236312866
    ],
    "train_loss_history": [
        1.2172038967792804,
        1.2001002262800167,
        1.1720713927195623,
        1.1533183241501832,
        1.1547453036675086,
        1.1612948591892536,
        1.133029920932574,
        1.1446427748753474,
        1.1030154426892598,
        1.1527756406710699,
        1.1755794408993843,
        1.1250728368759155,
        1.083306650320689,
        1.0621918799021306,
        1.0319875486386128,
        1.0123371351987889,
        0.999307455924841,
        0.9939322242370019,
        0.9773909075137897,
        0.9713767361946595,
        0.9742499536428696,
        0.9631039660710555,
        0.9462656890734648,
        0.934348946198439,
        0.9241149532489288,
        0.9207956523467333,
        0.8929206690727136,
        0.8951252018794035,
        0.8841767448645371,
        0.8775147451804235,
        0.8611572667574271,
        0.8653744772458688,
        0.8400145119581467,
        0.834259358736185,
        0.8261596713310633,
        0.8172104473297412,
        0.8192740816336411,
        0.7977822805062319,
        0.7936943295674447,
        0.822449280665471,
        0.8273034531336564,
        0.7958723169106704,
        0.7856937455825317,
        0.7695224139934931,
        0.7625547762100513,
        0.7482832150581555,
        0.7429083570455893,
        0.7559770062947885,
        0.7543273063806387,
        0.7358694000121875
    ],
    "val_loss_history": [
        1.220023968003013,
        1.223109093579379,
        1.1968028274449436,
        1.1800302917307073,
        1.217156464403326,
        1.1992568427866155,
        1.2158692750063809,
        1.2130253369157964,
        1.2004676352847705,
        1.2100273370742798,
        1.1416146917776628,
        1.0845704078674316,
        1.0883741703900425,
        1.0539875897494229,
        1.0517032038081775,
        1.0673071254383435,
        1.0710220770402388,
        1.0087857517329128,
        1.0389677773822437,
        1.022274223240939,
        1.0249956196004695,
        1.007536156611009,
        1.0260166688398882,
        1.0224752263589338,
        1.0049423737959429,
        1.0453286116773433,
        1.032163598320701,
        1.024255400354212,
        1.0368087020787327,
        1.07368925484744,
        1.0722180171446367,
        1.0656007474119014,
        1.0873097018762068,
        1.1509156335483899,
        1.0778418671001087,
        1.1166414943608372,
        1.108192953196439,
        1.1240298422900112,
        1.1551752361384304,
        1.0659049207513982,
        1.0444054441018538,
        1.1166270754554055,
        1.1339695291085676,
        1.139603614807129,
        1.1923284368081526,
        1.1857868053696372,
        1.160915027965199,
        1.0954141725193371,
        1.11224872415716,
        1.2177399342710322
    ]
}