{
    "correct_weight": 0.7,
    "incorrect_weight": 1.0,
    "final_train_acc": 0.4076542556285858,
    "final_val_acc": 0.3034000098705292,
    "final_train_loss": 0.47851042793347287,
    "final_val_loss": 0.8939495167948983,
    "train_acc_history": [
        0.07287692278623581,
        0.10765506327152252,
        0.08434615284204483,
        0.07576154172420502,
        0.07861173897981644,
        0.0720558688044548,
        0.09040890634059906,
        0.13935020565986633,
        0.1452740877866745,
        0.13647368550300598,
        0.1284368485212326,
        0.12738622725009918,
        0.129398375749588,
        0.12997327744960785,
        0.13428542017936707,
        0.14256639778614044,
        0.1373416930437088,
        0.1428668051958084,
        0.12812064588069916,
        0.13569149374961853,
        0.14343522489070892,
        0.1603153795003891,
        0.16463319957256317,
        0.18264290690422058,
        0.2021627575159073,
        0.2320890724658966,
        0.2507311701774597,
        0.2647084891796112,
        0.2782052755355835,
        0.27384695410728455,
        0.2875906825065613,
        0.29552873969078064,
        0.309783399105072,
        0.31040486693382263,
        0.3184230625629425,
        0.32154330611228943,
        0.33078300952911377,
        0.3397866487503052,
        0.3414672017097473,
        0.3479696214199066,
        0.3588514029979706,
        0.36455222964286804,
        0.37239110469818115,
        0.36855748295783997,
        0.3777489960193634,
        0.3768481910228729,
        0.3955514132976532,
        0.39187854528427124,
        0.40433117747306824,
        0.4076542556285858
    ],
    "val_acc_history": [
        0.21097999811172485,
        0.07006856799125671,
        0.05736856907606125,
        0.07852571457624435,
        0.0443057119846344,
        0.07310285419225693,
        0.10380856692790985,
        0.12809999287128448,
        0.1531314253807068,
        0.09652571380138397,
        0.10071999579668045,
        0.10863713920116425,
        0.0920228585600853,
        0.1397685706615448,
        0.12620000541210175,
        0.0935399979352951,
        0.12776857614517212,
        0.07656285911798477,
        0.09670285880565643,
        0.1373114287853241,
        0.12840856611728668,
        0.13476285338401794,
        0.1397400051355362,
        0.19318856298923492,
        0.19853141903877258,
        0.21028000116348267,
        0.20396284759044647,
        0.23887999355793,
        0.23593713343143463,
        0.22038571536540985,
        0.26323428750038147,
        0.24802571535110474,
        0.2332257181406021,
        0.24366571009159088,
        0.2917085587978363,
        0.26705998182296753,
        0.2884257137775421,
        0.24631142616271973,
        0.29859429597854614,
        0.26696285605430603,
        0.2724342942237854,
        0.2935342788696289,
        0.2717771530151367,
        0.29666000604629517,
        0.2714085578918457,
        0.30609428882598877,
        0.2943085730075836,
        0.303622841835022,
        0.30506572127342224,
        0.3034000098705292
    ],
    "train_loss_history": [
        0.833861713990187,
        0.8205353136246021,
        0.814135533112746,
        0.8040630129667429,
        0.8187312544920505,
        0.8287448103611286,
        0.8074168387131814,
        0.7637079098285773,
        0.7400130591331384,
        0.7294326890737582,
        0.7215682275784321,
        0.720051585099636,
        0.7163549210780706,
        0.7114320764174829,
        0.7094920185896066,
        0.700776919340476,
        0.7053592686469738,
        0.694641690987807,
        0.7146692749781486,
        0.7023788591225942,
        0.6864998149566162,
        0.6721083735808348,
        0.6604364055853623,
        0.652614795244657,
        0.6537569081171964,
        0.6416805241352472,
        0.6363823276299697,
        0.633452330644314,
        0.622426375364646,
        0.6255040206970313,
        0.6098220111467899,
        0.6154914551820511,
        0.5996360633617792,
        0.596287074761513,
        0.5916253656913073,
        0.5853933546787653,
        0.5779248506594927,
        0.5722625095110673,
        0.5643317538958329,
        0.5596556132420515,
        0.5501254988022339,
        0.5422640328223889,
        0.5369588087002436,
        0.5290739945112131,
        0.5217140057148077,
        0.516969118362818,
        0.5016260399268224,
        0.49911238902654403,
        0.4803893302495663,
        0.47851042793347287
    ],
    "val_loss_history": [
        0.8317715363069014,
        0.8351677439429543,
        0.824510552666404,
        0.8307555642994967,
        0.8262590603394941,
        0.8247820843349803,
        0.7691188888116316,
        0.7523236870765686,
        0.72848210551522,
        0.7223063273863359,
        0.7176473682576959,
        0.7294662865725431,
        0.7292276187376543,
        0.7315720265561884,
        0.7149559584530917,
        0.7301529700105841,
        0.717515685341575,
        0.7221473888917402,
        0.7198526209050958,
        0.7257420095530424,
        0.7083679816939614,
        0.7148770635778253,
        0.7281812591986223,
        0.7358716509558938,
        0.7255173162980513,
        0.714863885532726,
        0.7068026445128701,
        0.7121131420135498,
        0.7193138436837629,
        0.7094080393964594,
        0.7183334475213831,
        0.7317969799041748,
        0.7198999171907251,
        0.7550512714819475,
        0.7353919121352109,
        0.7335548102855682,
        0.7535109411586415,
        0.7417008009823886,
        0.7518816102634777,
        0.7629419294270602,
        0.7456110228191722,
        0.7613139287991957,
        0.7400063330476935,
        0.7782775299115614,
        0.76903221282092,
        0.7833515026352622,
        0.8232730247757651,
        0.8170022395524111,
        0.8123676912351088,
        0.8939495167948983
    ]
}