{
    "correct_weight": 1.0,
    "incorrect_weight": 1.0,
    "final_train_acc": 0.4759979844093323,
    "final_val_acc": 0.31031426787376404,
    "final_train_loss": 0.4397511635071192,
    "final_val_loss": 0.9749239601872184,
    "train_acc_history": [
        0.05132429301738739,
        0.0957777351140976,
        0.07110445201396942,
        0.07146477699279785,
        0.06702347844839096,
        0.08713158220052719,
        0.1304979771375656,
        0.12315627187490463,
        0.11983360350131989,
        0.1205672025680542,
        0.11956922709941864,
        0.12941943109035492,
        0.13779716193675995,
        0.13431458175182343,
        0.1390315741300583,
        0.1546931117773056,
        0.16833238303661346,
        0.18138137459754944,
        0.19901497662067413,
        0.20442591607570648,
        0.21704615652561188,
        0.23269392549991608,
        0.2424927055835724,
        0.25193482637405396,
        0.26289838552474976,
        0.26740849018096924,
        0.2764870524406433,
        0.28034573793411255,
        0.2896153926849365,
        0.2985064685344696,
        0.30814656615257263,
        0.3186202347278595,
        0.3246680200099945,
        0.32617855072021484,
        0.31923604011535645,
        0.34612226486206055,
        0.3473226726055145,
        0.3479821979999542,
        0.3653477728366852,
        0.3719339966773987,
        0.37797003984451294,
        0.39390161633491516,
        0.40211498737335205,
        0.40557652711868286,
        0.41978177428245544,
        0.43061619997024536,
        0.43686679005622864,
        0.4503445327281952,
        0.4630676209926605,
        0.4759979844093323
    ],
    "val_acc_history": [
        0.171354278922081,
        0.06694571673870087,
        0.059865713119506836,
        0.058554284274578094,
        0.05900571495294571,
        0.10387428104877472,
        0.11827713996171951,
        0.12520571053028107,
        0.10632000118494034,
        0.09621428698301315,
        0.10750285536050797,
        0.12166856974363327,
        0.11727713793516159,
        0.1252399981021881,
        0.11843999475240707,
        0.11348856985569,
        0.1285228580236435,
        0.143728569149971,
        0.15341714024543762,
        0.14671142399311066,
        0.17284570634365082,
        0.17540857195854187,
        0.16098570823669434,
        0.19160571694374084,
        0.19247999787330627,
        0.2431085705757141,
        0.21611428260803223,
        0.2176828533411026,
        0.20269714295864105,
        0.242531418800354,
        0.2545028626918793,
        0.22562000155448914,
        0.22816571593284607,
        0.21436570584774017,
        0.26366856694221497,
        0.2537514269351959,
        0.2283371388912201,
        0.2492000013589859,
        0.25373998284339905,
        0.26326000690460205,
        0.26158571243286133,
        0.27634570002555847,
        0.2934628427028656,
        0.2795200049877167,
        0.28233426809310913,
        0.29631999135017395,
        0.26224857568740845,
        0.3054142892360687,
        0.3050457239151001,
        0.31031426787376404
    ],
    "train_loss_history": [
        0.8631834861559745,
        0.8533049905911471,
        0.8309383101952381,
        0.8286989147846515,
        0.8274638286003699,
        0.8047982255617777,
        0.7762562556144519,
        0.7688754873398023,
        0.7627428143452375,
        0.757535057190137,
        0.7517531491242923,
        0.7430371038424664,
        0.7382701841684488,
        0.7361750595080547,
        0.7231501577756344,
        0.712475163814349,
        0.7049028185697702,
        0.7016739256871052,
        0.6945792314333793,
        0.695491877121803,
        0.6864945750970107,
        0.6783221325813196,
        0.6741258693047059,
        0.6733114337309812,
        0.666483808022279,
        0.6651901564536951,
        0.6595230859059554,
        0.6574874405677502,
        0.6543432749234713,
        0.6433534629834003,
        0.6366268893082937,
        0.635231023415541,
        0.6233024734717149,
        0.625373226709855,
        0.6320558473085746,
        0.6068289707868527,
        0.6032608235493685,
        0.5971906009392861,
        0.5822842763020442,
        0.5745425323645273,
        0.5677437247374119,
        0.5477180312841367,
        0.5335356547282293,
        0.5272826586778347,
        0.5126455353620725,
        0.49292402618970627,
        0.48428820111812687,
        0.4706667363643646,
        0.44958154895366764,
        0.4397511635071192
    ],
    "val_loss_history": [
        0.8642184625972401,
        0.8630662235346708,
        0.863765608180653,
        0.8553494431755759,
        0.8356668244708668,
        0.7728382890874689,
        0.7680285627191717,
        0.7801749977198514,
        0.7587379759008234,
        0.7661782503128052,
        0.758155719800429,
        0.7649530497464266,
        0.7838324525139548,
        0.7594549601728265,
        0.7710428888147528,
        0.7729668563062494,
        0.7823472239754417,
        0.7823833985762163,
        0.7817539735273882,
        0.7656412937424399,
        0.7557768279855902,
        0.7610096497969194,
        0.7947629635984247,
        0.7869987433606928,
        0.7893424901095304,
        0.7953051924705505,
        0.7831842953508551,
        0.7610995010896162,
        0.7714411833069541,
        0.7882295684380964,
        0.8214277625083923,
        0.7937355204062029,
        0.8198096101934259,
        0.7893295721574263,
        0.795478652824055,
        0.8001965934580023,
        0.816299709406766,
        0.8126127774065192,
        0.8567950671369379,
        0.8613491518930956,
        0.8375419540838762,
        0.8391536311669783,
        0.8905559967864644,
        0.8714828111908652,
        0.9226318137212233,
        0.948137410662391,
        0.9114424152807756,
        0.9571211392229254,
        0.9835876605727456,
        0.9749239601872184
    ]
}