{
    "correct_weight": 0.1,
    "incorrect_weight": 1.5,
    "final_train_acc": 0.27974170446395874,
    "final_val_acc": 0.26174572110176086,
    "final_train_loss": 0.720901818611683,
    "final_val_loss": 1.0756419030102817,
    "train_acc_history": [
        0.08245587348937988,
        0.11534412950277328,
        0.1071753054857254,
        0.09783036261796951,
        0.107039675116539,
        0.10746356099843979,
        0.08290202170610428,
        0.12052752822637558,
        0.12313805520534515,
        0.1253906935453415,
        0.13825222849845886,
        0.13705424964427948,
        0.12358542531728745,
        0.14981214702129364,
        0.1253032386302948,
        0.15451741218566895,
        0.15955424308776855,
        0.1587708443403244,
        0.15556275844573975,
        0.1586388647556305,
        0.1551789492368698,
        0.15707166492938995,
        0.15888381004333496,
        0.16076315939426422,
        0.16860121488571167,
        0.1684364378452301,
        0.17545141279697418,
        0.1730319857597351,
        0.17473886907100677,
        0.18242549896240234,
        0.16366073489189148,
        0.17825829982757568,
        0.18667814135551453,
        0.19205829501152039,
        0.187034010887146,
        0.19838987290859222,
        0.2019238919019699,
        0.20904453098773956,
        0.21522429585456848,
        0.21961012482643127,
        0.22341011464595795,
        0.23172509670257568,
        0.24471619725227356,
        0.24974048137664795,
        0.25099271535873413,
        0.2622210383415222,
        0.2605676054954529,
        0.2665834128856659,
        0.2741716504096985,
        0.27974170446395874
    ],
    "val_acc_history": [
        0.045334283262491226,
        0.11943142861127853,
        0.07965714484453201,
        0.07434000074863434,
        0.08371714502573013,
        0.07128570973873138,
        0.053291428834199905,
        0.06792285293340683,
        0.06418856978416443,
        0.06696571409702301,
        0.09044571220874786,
        0.08693714439868927,
        0.10234285891056061,
        0.13113142549991608,
        0.14420285820960999,
        0.08620856702327728,
        0.08100856840610504,
        0.11644285917282104,
        0.0944942831993103,
        0.10348571091890335,
        0.248285710811615,
        0.11355999857187271,
        0.17065714299678802,
        0.12049714475870132,
        0.13385428488254547,
        0.1646885722875595,
        0.171217143535614,
        0.21199142932891846,
        0.14407142996788025,
        0.23568286001682281,
        0.28548285365104675,
        0.13743428885936737,
        0.11761428415775299,
        0.2146371454000473,
        0.21416856348514557,
        0.1302914321422577,
        0.19952857494354248,
        0.20077714323997498,
        0.2887171506881714,
        0.17039428651332855,
        0.1953599900007248,
        0.2129800021648407,
        0.2653314173221588,
        0.24203713238239288,
        0.17515714466571808,
        0.23350000381469727,
        0.1584971398115158,
        0.2297399938106537,
        0.24388284981250763,
        0.26174572110176086
    ],
    "train_loss_history": [
        1.1597056434704707,
        1.144054888150631,
        1.1126362222891588,
        1.0913379543866866,
        1.0648473462997339,
        1.040792276461919,
        1.1372296940057705,
        1.1472671689131322,
        1.1494072690988197,
        1.146241892606784,
        1.12985687989455,
        1.1250548912928655,
        1.1128245744949732,
        1.1109114915896685,
        1.0417994214938238,
        1.0044364577684648,
        0.9935739582929856,
        0.9852094558569101,
        0.9775084570432321,
        0.9758572784753946,
        0.9688138640843905,
        0.9637892185113369,
        0.9517866021547562,
        0.944304136129526,
        0.9269279486093766,
        0.9227200616628696,
        0.904141922791799,
        0.9175917552067683,
        0.9066177316201038,
        0.8934801664107885,
        0.933494413510347,
        0.8955518450492468,
        0.8850820370209522,
        0.8721113747511154,
        0.8807955399537698,
        0.8582845628261566,
        0.8434393780353742,
        0.8351453496859624,
        0.8229141533374786,
        0.8164324684020801,
        0.808600195707419,
        0.7918485051546341,
        0.7775158270811423,
        0.7725115846364926,
        0.7668586312196194,
        0.7526045166529142,
        0.7529750481629983,
        0.7373911020083305,
        0.7368818773673131,
        0.720901818611683
    ],
    "val_loss_history": [
        1.1531786593523892,
        1.1417618719014255,
        1.11828983371908,
        1.1353434757752852,
        1.1355941403995862,
        1.0785214304924011,
        1.1502895030108364,
        1.1325671076774597,
        1.1521422808820552,
        1.1530178622765974,
        1.1134906736287205,
        1.1390983679077842,
        1.1226630752736872,
        1.0596555959094653,
        1.0186976844614202,
        0.9925302917307074,
        0.9823961745608937,
        0.9764169617132707,
        0.9759663397615607,
        0.9676917141134088,
        0.9705520272254944,
        0.9649331190369346,
        0.962086254900152,
        0.9693776314908807,
        0.968640620058233,
        0.9378023581071333,
        0.919760297645222,
        0.9302631399848245,
        0.9120412360538136,
        0.9489154924045909,
        0.9423880089413036,
        0.9318861744620583,
        0.9338921904563904,
        0.9320947040211071,
        0.8925478946078907,
        0.9270167730071328,
        0.9375353509729559,
        0.9354517784985629,
        0.9463590383529663,
        0.961886075409976,
        0.9533923810178583,
        0.9687663858587091,
        1.023495544086803,
        1.009048044681549,
        1.006450961936604,
        1.0412010929801248,
        1.0174053528092124,
        1.048696685921062,
        1.033188435164365,
        1.0756419030102817
    ]
}