{
    "correct_weight": 1.0,
    "incorrect_weight": 2.0,
    "final_train_acc": 0.3607489764690399,
    "final_val_acc": 0.2652885615825653,
    "final_train_loss": 1.0110451907683642,
    "final_val_loss": 1.553154468536377,
    "train_acc_history": [
        0.07799271494150162,
        0.11370404809713364,
        0.0844825878739357,
        0.07722996175289154,
        0.12024210393428802,
        0.10242105275392532,
        0.08904291689395905,
        0.12904493510723114,
        0.1590445339679718,
        0.15572671592235565,
        0.14895303547382355,
        0.1509408950805664,
        0.14927490055561066,
        0.15429028868675232,
        0.15993967652320862,
        0.17266963422298431,
        0.18089190125465393,
        0.1414453387260437,
        0.1789834052324295,
        0.19580121338367462,
        0.20677611231803894,
        0.2277287393808365,
        0.2150566726922989,
        0.2338862270116806,
        0.23242023587226868,
        0.25547125935554504,
        0.26732510328292847,
        0.26832711696624756,
        0.2806481719017029,
        0.29044249653816223,
        0.2920421063899994,
        0.30605870485305786,
        0.3028712570667267,
        0.17138582468032837,
        0.19281579554080963,
        0.21698421239852905,
        0.23500365018844604,
        0.2559165954589844,
        0.27153280377388,
        0.27305668592453003,
        0.30338865518569946,
        0.3061566650867462,
        0.31584492325782776,
        0.3260335922241211,
        0.3359226584434509,
        0.3364441394805908,
        0.3315356373786926,
        0.346722275018692,
        0.35711660981178284,
        0.3607489764690399
    ],
    "val_acc_history": [
        0.07007142901420593,
        0.04520571231842041,
        0.041911426931619644,
        0.08934285491704941,
        0.05957142636179924,
        0.07501142472028732,
        0.09940571337938309,
        0.2697485685348511,
        0.2655828595161438,
        0.11475428193807602,
        0.1398542821407318,
        0.09751428663730621,
        0.14618000388145447,
        0.1368914246559143,
        0.10731428116559982,
        0.13195428252220154,
        0.14233428239822388,
        0.1185285672545433,
        0.15186285972595215,
        0.17248284816741943,
        0.21706856787204742,
        0.2609942853450775,
        0.1899714320898056,
        0.19939999282360077,
        0.2013857066631317,
        0.18033142387866974,
        0.18535999953746796,
        0.21376000344753265,
        0.283637136220932,
        0.22913143038749695,
        0.2518514394760132,
        0.20765428245067596,
        0.21299999952316284,
        0.19271142780780792,
        0.15426285564899445,
        0.15661999583244324,
        0.14961428940296173,
        0.2129085659980774,
        0.20381999015808105,
        0.23165428638458252,
        0.18770857155323029,
        0.2462799996137619,
        0.2548171281814575,
        0.236382856965065,
        0.24014857411384583,
        0.27009713649749756,
        0.2290542870759964,
        0.2476685643196106,
        0.2623514235019684,
        0.2652885615825653
    ],
    "train_loss_history": [
        1.6292582475222075,
        1.605321419544709,
        1.6108386103923504,
        1.626596165009034,
        1.606164270486587,
        1.5545339660766797,
        1.5052325267058153,
        1.4538963773311713,
        1.4305391892408714,
        1.4134088036341546,
        1.4033996921319227,
        1.382611374060313,
        1.3741350342065861,
        1.3553441854623647,
        1.3480672270823748,
        1.3197498260400233,
        1.3306771562649653,
        1.3734915210650518,
        1.3150571997349079,
        1.28243937706336,
        1.2654076356154222,
        1.2483014831176171,
        1.2417043905991774,
        1.2283565081082857,
        1.2145062043116643,
        1.1927127425487225,
        1.1767803980753972,
        1.1706801117994847,
        1.1591155651288154,
        1.1483529133674426,
        1.1366564004849165,
        1.1242411533991497,
        1.1188341027651079,
        1.3745360878797679,
        1.31153419537422,
        1.2483489284148583,
        1.1955407781478686,
        1.1737897120989287,
        1.1557006667821834,
        1.1526465599353497,
        1.120210043894939,
        1.118158791309748,
        1.1066333147195668,
        1.0843526331277995,
        1.067486313673166,
        1.0610192853670855,
        1.0678754127942598,
        1.042993317047755,
        1.0221071205078027,
        1.0110451907683642
    ],
    "val_loss_history": [
        1.6324212767861106,
        1.6166383028030396,
        1.6316875977949663,
        1.6304822726683184,
        1.6316316019405017,
        1.5249040668660945,
        1.4656646034934304,
        1.454797007820823,
        1.438513777472756,
        1.3905614831230857,
        1.4084565964612095,
        1.3968086351047864,
        1.3913453817367554,
        1.3810218247500332,
        1.37975613637404,
        1.4029456160285256,
        1.4110549254850908,
        1.3761947046626697,
        1.36802631074732,
        1.3606180386109785,
        1.3670914606614546,
        1.3970447236841375,
        1.4031153158708052,
        1.4030442996458574,
        1.3904514800418506,
        1.4440962076187134,
        1.382070535963232,
        1.3953382589600303,
        1.4010356068611145,
        1.3860347487709739,
        1.4830518473278393,
        1.4490306810899214,
        1.398378393866799,
        1.441410021348433,
        1.4428220445459539,
        1.4325284199281172,
        1.4152732437307185,
        1.4423971501263706,
        1.4495433081280102,
        1.4996592185714028,
        1.4508693543347446,
        1.50862624428489,
        1.4333107417280024,
        1.4573141119696877,
        1.5009455518289045,
        1.5425702929496765,
        1.5182506875558333,
        1.4983727877790278,
        1.521644576029344,
        1.553154468536377
    ]
}