{
    "correct_weight": 0.9,
    "incorrect_weight": 1.0,
    "final_train_acc": 0.4740076959133148,
    "final_val_acc": 0.2980942726135254,
    "final_train_loss": 0.4183220767822021,
    "final_val_loss": 0.9240574945103038,
    "train_acc_history": [
        0.06473198533058167,
        0.09870243072509766,
        0.07752712815999985,
        0.0780688226222992,
        0.06608421355485916,
        0.07721579074859619,
        0.07324939221143723,
        0.07384655624628067,
        0.11946599185466766,
        0.12546801567077637,
        0.1268206536769867,
        0.1342562735080719,
        0.14001740515232086,
        0.146189883351326,
        0.1586761176586151,
        0.1674688309431076,
        0.18280364573001862,
        0.16628096997737885,
        0.1371692270040512,
        0.1547595113515854,
        0.16670364141464233,
        0.20049959421157837,
        0.2118469625711441,
        0.2122178077697754,
        0.23773036897182465,
        0.25352752208709717,
        0.2583862245082855,
        0.26705020666122437,
        0.27435585856437683,
        0.27002549171447754,
        0.2821562886238098,
        0.2930077016353607,
        0.3004959523677826,
        0.3066854178905487,
        0.3174109160900116,
        0.325758695602417,
        0.33690565824508667,
        0.3413570821285248,
        0.34350526332855225,
        0.3602615296840668,
        0.36819350719451904,
        0.3817109167575836,
        0.38603439927101135,
        0.4013907015323639,
        0.40888461470603943,
        0.4204619526863098,
        0.4379214644432068,
        0.4467117488384247,
        0.45165666937828064,
        0.4740076959133148
    ],
    "val_acc_history": [
        0.1701342761516571,
        0.07027428597211838,
        0.05930285528302193,
        0.06201714277267456,
        0.06875428557395935,
        0.10401999950408936,
        0.07006285339593887,
        0.11031714081764221,
        0.14061999320983887,
        0.0816057100892067,
        0.1504085659980774,
        0.11526857316493988,
        0.07533714175224304,
        0.14975999295711517,
        0.13836857676506042,
        0.1649971455335617,
        0.14828571677207947,
        0.11429999768733978,
        0.1085742861032486,
        0.1264857053756714,
        0.1494142860174179,
        0.15931713581085205,
        0.14664284884929657,
        0.14237713813781738,
        0.19123999774456024,
        0.22180286049842834,
        0.20479713380336761,
        0.2002314329147339,
        0.21049141883850098,
        0.2317771464586258,
        0.23917999863624573,
        0.24427713453769684,
        0.2197314202785492,
        0.2387685626745224,
        0.2609114348888397,
        0.24102571606636047,
        0.26389142870903015,
        0.2184114307165146,
        0.27308857440948486,
        0.248625710606575,
        0.2522999942302704,
        0.2723371386528015,
        0.2804657220840454,
        0.2645599842071533,
        0.2785657048225403,
        0.30125999450683594,
        0.27997714281082153,
        0.28319141268730164,
        0.3094828426837921,
        0.2980942726135254
    ],
    "train_loss_history": [
        0.8533795346052219,
        0.8429115727925912,
        0.8282237885854183,
        0.8235626564576075,
        0.8435262395785406,
        0.8299101491769155,
        0.809098482131958,
        0.7870957583953173,
        0.7516564650413318,
        0.7407464797680194,
        0.7279290151901734,
        0.7213569596791879,
        0.7166563998430203,
        0.7007757218984457,
        0.7015843368493594,
        0.6942161466830816,
        0.6887567952657357,
        0.7202249551430727,
        0.7300182275283031,
        0.7071043635026003,
        0.6987548722670629,
        0.6834154495826135,
        0.6803263777341598,
        0.6786469687254001,
        0.6684886515140533,
        0.6583907871674268,
        0.657872390288573,
        0.6527808293318137,
        0.6456141471862793,
        0.6485990362289624,
        0.6358736554781595,
        0.6307290555574955,
        0.6236102069035555,
        0.6213210408504193,
        0.6109628050755231,
        0.6017354635091928,
        0.5943595086916899,
        0.5872728839898721,
        0.579631819939002,
        0.5635632948997693,
        0.5530290595996075,
        0.539647333132915,
        0.5294518845203595,
        0.5107110731112652,
        0.49937203488288784,
        0.48395060766965914,
        0.466513278392645,
        0.4529263980877705,
        0.44314406850399113,
        0.4183220767822021
    ],
    "val_loss_history": [
        0.8534004742448981,
        0.8488824746825478,
        0.8359325257214633,
        0.8406228423118591,
        0.8317482959140431,
        0.8172961039976641,
        0.8106614784760908,
        0.7673703215338967,
        0.7572435411539945,
        0.7683843645182523,
        0.7687606757337396,
        0.7543974464589899,
        0.7496808171272278,
        0.7572046572511847,
        0.7558455304665999,
        0.7524098103696649,
        0.7532143538648431,
        0.7448819713159041,
        0.7452070387926969,
        0.7443148006092418,
        0.7496566555716775,
        0.7485139044848356,
        0.754607005552812,
        0.7575778636065397,
        0.7547971335324374,
        0.7686489712108265,
        0.7638340863314542,
        0.759925901889801,
        0.7721625132994219,
        0.7609146454117515,
        0.783552809195085,
        0.774090360511433,
        0.7677324522625316,
        0.7884778109463778,
        0.7825347293506969,
        0.7906400452960621,
        0.7902633520689878,
        0.7796045758507468,
        0.8039421764287081,
        0.8163659003647891,
        0.7881323613903739,
        0.8134520270607688,
        0.8000985302708365,
        0.8535447174852545,
        0.8724372576583516,
        0.8742295015941967,
        0.8703130646185442,
        0.8873640542680566,
        0.9292790212414481,
        0.9240574945103038
    ]
}