{
    "correct_weight": 0.3,
    "incorrect_weight": 1.5,
    "final_train_acc": 0.15908502042293549,
    "final_val_acc": 0.11161142587661743,
    "final_train_loss": 0.9524644185335208,
    "final_val_loss": 0.9818210981108926,
    "train_acc_history": [
        0.08167246729135513,
        0.11649676412343979,
        0.10044007748365402,
        0.09873320162296295,
        0.09689554572105408,
        0.09423724561929703,
        0.1545785367488861,
        0.1080085039138794,
        0.08884494006633759,
        0.10352712869644165,
        0.09410607069730759,
        0.11387328058481216,
        0.15239594876766205,
        0.16676437854766846,
        0.16758987307548523,
        0.1703323870897293,
        0.17020486295223236,
        0.16513116657733917,
        0.16812874376773834,
        0.16761618852615356,
        0.15881457924842834,
        0.16144292056560516,
        0.1587117463350296,
        0.16446153819561005,
        0.16090810298919678,
        0.16126112639904022,
        0.16184453666210175,
        0.16156679391860962,
        0.16690728068351746,
        0.17077288031578064,
        0.17734535038471222,
        0.17758622765541077,
        0.16614453494548798,
        0.17149028182029724,
        0.18382833898067474,
        0.18742671608924866,
        0.19531822204589844,
        0.20499636232852936,
        0.19996397197246552,
        0.20698177814483643,
        0.21461942791938782,
        0.22214412689208984,
        0.226729154586792,
        0.2293696403503418,
        0.24340404570102692,
        0.222868412733078,
        0.1721801608800888,
        0.20615749061107635,
        0.15211254358291626,
        0.15908502042293549
    ],
    "val_acc_history": [
        0.06251999735832214,
        0.07286285609006882,
        0.11395714432001114,
        0.051731426268815994,
        0.04324285686016083,
        0.04891999810934067,
        0.11729999631643295,
        0.04316571354866028,
        0.04836571216583252,
        0.06472857296466827,
        0.10388857126235962,
        0.2231142818927765,
        0.2888428568840027,
        0.1586085706949234,
        0.22953999042510986,
        0.16406571865081787,
        0.17213428020477295,
        0.2278057038784027,
        0.13601714372634888,
        0.1693628579378128,
        0.23236285150051117,
        0.10087714344263077,
        0.1115514263510704,
        0.11483428627252579,
        0.136174276471138,
        0.17233999073505402,
        0.11308857053518295,
        0.20046000182628632,
        0.13403142988681793,
        0.16924570500850677,
        0.1819828599691391,
        0.0970342829823494,
        0.1376085728406906,
        0.1474914252758026,
        0.2045571357011795,
        0.15379713475704193,
        0.1558571457862854,
        0.10567142814397812,
        0.2655571401119232,
        0.11350571364164352,
        0.127274289727211,
        0.18559999763965607,
        0.17920856177806854,
        0.14031141996383667,
        0.20044000446796417,
        0.20875999331474304,
        0.15045714378356934,
        0.13424570858478546,
        0.09291428327560425,
        0.11161142587661743
    ],
    "train_loss_history": [
        1.1789809939188836,
        1.1614691813786824,
        1.1333581637113521,
        1.1107742939239893,
        1.1404473231388972,
        1.1706552001146169,
        1.1446896401735454,
        1.121303038719373,
        1.1443851162225773,
        1.133522826891679,
        1.0770013561615577,
        1.0396016049079406,
        1.0281938253304896,
        1.0140266533081348,
        1.001117508380841,
        0.9902956554522881,
        0.9862097455905035,
        0.9844708687219864,
        0.9757336515646714,
        0.974652926891278,
        0.9854198862344791,
        0.9885636766751608,
        0.9822504084843856,
        0.9769967335921067,
        0.9757667718789517,
        0.9705746540656457,
        0.9731754247958844,
        0.9630405834087958,
        0.9605885063990568,
        0.9591953823199639,
        0.9409972742581979,
        0.9445806191517756,
        0.9620424501406841,
        0.9476096561321845,
        0.9323821098376543,
        0.9348462858261206,
        0.9126844994532757,
        0.9041696771597251,
        0.9050707457921444,
        0.9043958767866477,
        0.8763851829064198,
        0.870117765206557,
        0.8597530447519742,
        0.857629540639046,
        0.8485648448650653,
        0.8861629428007664,
        0.9373768621530288,
        0.8925079237192105,
        0.9692332553557861,
        0.9524644185335208
    ],
    "val_loss_history": [
        1.1716176542368801,
        1.1864406358111987,
        1.165977413004095,
        1.139830773526972,
        1.1731136332858692,
        1.1548263755711643,
        1.0918821421536533,
        1.1748635335402056,
        1.1099278655919163,
        1.0892235257408835,
        1.0367936491966248,
        1.0539022792469372,
        1.0427389578385786,
        1.004551719535481,
        1.0041777816685764,
        0.997863541949879,
        0.9929734143343839,
        0.9991702979261224,
        0.9831273339011453,
        0.9856329289349642,
        0.9992977976799011,
        0.9865718104622581,
        0.9921375458890741,
        0.9917637489058755,
        0.9803143522956155,
        0.9888418912887573,
        0.9862765073776245,
        0.9751141396435824,
        0.9682624719359658,
        0.9795030030337247,
        0.9920195774598555,
        0.9840703877535734,
        0.9687994881109758,
        0.9648344245823947,
        0.9613513242114674,
        0.9897465868429705,
        0.9546174732121554,
        0.9847456216812134,
        0.9988270781256936,
        0.9892484816637906,
        1.0084396925839512,
        0.9660904407501221,
        0.9894912134517323,
        0.9809612848541953,
        0.996585184877569,
        0.9997307062149048,
        0.9749927466565912,
        0.9907205592502247,
        0.9720166488127275,
        0.9818210981108926
    ]
}