{
    "correct_weight": 0.3,
    "incorrect_weight": 1.0,
    "final_train_acc": 0.3540291488170624,
    "final_val_acc": 0.3012999892234802,
    "final_train_loss": 0.475398362829135,
    "final_val_loss": 0.7172922085631978,
    "train_acc_history": [
        0.08064574748277664,
        0.11999513953924179,
        0.0935182198882103,
        0.07452145963907242,
        0.1339838057756424,
        0.10147853940725327,
        0.09574899077415466,
        0.10849109292030334,
        0.13631336390972137,
        0.1510392725467682,
        0.14795668423175812,
        0.14659473299980164,
        0.14444291591644287,
        0.14502671360969543,
        0.14592550694942474,
        0.15215425193309784,
        0.15306153893470764,
        0.15384696424007416,
        0.15300971269607544,
        0.1661732792854309,
        0.16723239421844482,
        0.1827838122844696,
        0.1776445358991623,
        0.19698704779148102,
        0.20208178460597992,
        0.20218582451343536,
        0.21597126126289368,
        0.2260587066411972,
        0.21792347729206085,
        0.216305673122406,
        0.22572307288646698,
        0.23315991461277008,
        0.24775627255439758,
        0.24444939196109772,
        0.262467622756958,
        0.26350322365760803,
        0.26850929856300354,
        0.2872902750968933,
        0.283852219581604,
        0.2874457538127899,
        0.3005024194717407,
        0.31202995777130127,
        0.31010809540748596,
        0.32461822032928467,
        0.3309575021266937,
        0.3314850330352783,
        0.33641377091407776,
        0.3209449350833893,
        0.33826395869255066,
        0.3540291488170624
    ],
    "val_acc_history": [
        0.055871427059173584,
        0.06980857253074646,
        0.13796570897102356,
        0.07328571379184723,
        0.12439142912626266,
        0.154817134141922,
        0.06816857308149338,
        0.09588856995105743,
        0.2015114277601242,
        0.1445000022649765,
        0.13629429042339325,
        0.1720714271068573,
        0.18050000071525574,
        0.20025143027305603,
        0.20488856732845306,
        0.13561999797821045,
        0.14459428191184998,
        0.13556285202503204,
        0.10234571248292923,
        0.1208314299583435,
        0.14552856981754303,
        0.121799997985363,
        0.19509999454021454,
        0.17401714622974396,
        0.20207713544368744,
        0.19786570966243744,
        0.1938857138156891,
        0.1654028594493866,
        0.23214857280254364,
        0.19560571014881134,
        0.24042285978794098,
        0.16652286052703857,
        0.2639999985694885,
        0.25003713369369507,
        0.26822856068611145,
        0.20323142409324646,
        0.2760799825191498,
        0.20099714398384094,
        0.25851428508758545,
        0.20925714075565338,
        0.1925828605890274,
        0.24293142557144165,
        0.26659998297691345,
        0.2601514160633087,
        0.26580286026000977,
        0.2687942683696747,
        0.23410570621490479,
        0.2688371539115906,
        0.3260628581047058,
        0.3012999892234802
    ],
    "train_loss_history": [
        0.7955599068067013,
        0.784634523666822,
        0.7705248472018119,
        0.7644978303175706,
        0.7580076983341804,
        0.7397647836269476,
        0.7637418195223197,
        0.7455327678949405,
        0.736002063139891,
        0.6993451118469238,
        0.6871844919828268,
        0.6784144876859127,
        0.6730637649695078,
        0.6727950404851865,
        0.6632325840302002,
        0.6604690666382129,
        0.6549054529422369,
        0.6515640478867751,
        0.6501132150491079,
        0.6299199973925566,
        0.6252953249674577,
        0.6150023356462136,
        0.6173852277107728,
        0.6021521588166555,
        0.5965969058183523,
        0.5951584233687475,
        0.5856486811087682,
        0.5803465277720721,
        0.5837328082475907,
        0.5918205372798138,
        0.5785569281150134,
        0.5788432657718658,
        0.5648131095446073,
        0.5732827988954691,
        0.5575314722000024,
        0.5552893770046723,
        0.5490515858699114,
        0.5386326343585284,
        0.5387114351376509,
        0.5333662766676682,
        0.5284255678072954,
        0.5205828669743661,
        0.519824417355733,
        0.508053760115917,
        0.5028930898660269,
        0.4959848083746739,
        0.4934060894525968,
        0.5090739043095173,
        0.48950287776115614,
        0.475398362829135
    ],
    "val_loss_history": [
        0.7916241667487405,
        0.7859418988227844,
        0.8020729639313438,
        0.7985660433769226,
        0.7784442522309043,
        0.8129099011421204,
        0.7866674932566556,
        0.7671755064617504,
        0.7010753804987128,
        0.6909735582091592,
        0.6723390871828253,
        0.6718147776343606,
        0.6704138734123923,
        0.6702731089158491,
        0.6698787700046193,
        0.684154136614366,
        0.6616278399120678,
        0.6643820567564531,
        0.6795109835537997,
        0.6631595654921099,
        0.6674157218499617,
        0.6601131964813579,
        0.6548289141871713,
        0.6611085859212008,
        0.6671708849343386,
        0.6894412040710449,
        0.6615827815099196,
        0.6606794975020669,
        0.6786578487266194,
        0.6581703343174674,
        0.6830868964845483,
        0.6834646273743022,
        0.678117264400829,
        0.6825481490655378,
        0.6620206914164803,
        0.6664645157077096,
        0.6712483492764559,
        0.6886555091901259,
        0.7078421413898468,
        0.6769699454307556,
        0.6829496405341409,
        0.7009589943018827,
        0.7105519446459684,
        0.724405746568333,
        0.7178460630503568,
        0.7095305323600769,
        0.7132385914975946,
        0.697513301264156,
        0.7449483871459961,
        0.7172922085631978
    ]
}