{
    "correct_weight": 0.3,
    "incorrect_weight": 2.0,
    "final_train_acc": 0.3842020332813263,
    "final_val_acc": 0.258508563041687,
    "final_train_loss": 0.8177064007673508,
    "final_val_loss": 1.7257792895490474,
    "train_acc_history": [
        0.081917405128479,
        0.11527246981859207,
        0.09871700406074524,
        0.11396882683038712,
        0.08837287127971649,
        0.1067635640501976,
        0.11562712490558624,
        0.11867692321538925,
        0.12676315009593964,
        0.13826800882816315,
        0.13082833588123322,
        0.13896356523036957,
        0.14714817702770233,
        0.15634453296661377,
        0.173097163438797,
        0.17398704588413239,
        0.17725586891174316,
        0.19049635529518127,
        0.2010190337896347,
        0.2090611308813095,
        0.21110525727272034,
        0.2130255103111267,
        0.22335384786128998,
        0.2302720695734024,
        0.22625871002674103,
        0.2376174032688141,
        0.2515356242656708,
        0.2642352283000946,
        0.26658502221107483,
        0.27122387290000916,
        0.27753642201423645,
        0.28728583455085754,
        0.2832651734352112,
        0.2980898916721344,
        0.3061267137527466,
        0.31598055362701416,
        0.31075626611709595,
        0.3231457471847534,
        0.3171093165874481,
        0.3245753049850464,
        0.3337429165840149,
        0.3420453369617462,
        0.34254980087280273,
        0.35438501834869385,
        0.3531639575958252,
        0.3573453426361084,
        0.3571902811527252,
        0.365153431892395,
        0.37211093306541443,
        0.3842020332813263
    ],
    "val_acc_history": [
        0.04594000056385994,
        0.08555428683757782,
        0.10418285429477692,
        0.09763142466545105,
        0.04388857260346413,
        0.049154285341501236,
        0.05723142623901367,
        0.06923714280128479,
        0.09064571559429169,
        0.10657142847776413,
        0.10536285489797592,
        0.10041428357362747,
        0.16529999673366547,
        0.22632856667041779,
        0.1384342908859253,
        0.18841427564620972,
        0.1432485729455948,
        0.20198285579681396,
        0.12919428944587708,
        0.1671028584241867,
        0.1615685671567917,
        0.1966542899608612,
        0.2328314185142517,
        0.23160000145435333,
        0.18151143193244934,
        0.24142000079154968,
        0.24099428951740265,
        0.18333427608013153,
        0.23228856921195984,
        0.22067999839782715,
        0.25273141264915466,
        0.20574285089969635,
        0.22841142117977142,
        0.2654285728931427,
        0.2827628552913666,
        0.2577485740184784,
        0.28151142597198486,
        0.2764057219028473,
        0.3017314374446869,
        0.3067857027053833,
        0.24239999055862427,
        0.3039942681789398,
        0.2593514323234558,
        0.2714228630065918,
        0.2717171311378479,
        0.31715428829193115,
        0.27452000975608826,
        0.288325697183609,
        0.2944485545158386,
        0.258508563041687
    ],
    "train_loss_history": [
        1.5623839421150012,
        1.5393563417287974,
        1.4986541821406438,
        1.516042383817526,
        1.543054229173905,
        1.553798964390388,
        1.5482296515733769,
        1.54384162181463,
        1.5250949141306755,
        1.5019797254831364,
        1.4542878835629194,
        1.3793160594426668,
        1.3258531674360619,
        1.2877267354573958,
        1.2559165771190937,
        1.2371390217389815,
        1.2307812235294244,
        1.1858363014001112,
        1.172027601645543,
        1.1497131280409985,
        1.1509708013290014,
        1.133391233590933,
        1.1168423814651294,
        1.1081497577520518,
        1.1114872006269603,
        1.097806955759342,
        1.0716050886190855,
        1.0585403824463868,
        1.0472046029873383,
        1.0467329185742598,
        1.0242236592830756,
        1.0172282923490574,
        1.0200545245256178,
        1.0024881126024785,
        0.9799339045316745,
        0.9708855664118742,
        0.963963895271986,
        0.950658014187446,
        0.9579293651458545,
        0.953565314030036,
        0.9270144196657034,
        0.9108806183704963,
        0.910821965107551,
        0.8912580914986439,
        0.8790471385686826,
        0.866939093822088,
        0.8717243602642646,
        0.8566807034688119,
        0.8375467474644,
        0.8177064007673508
    ],
    "val_loss_history": [
        1.5554602362892844,
        1.551009557463906,
        1.5298204530369153,
        1.5374253771521829,
        1.5585348822853782,
        1.555050871588967,
        1.5560299158096313,
        1.5509687120264226,
        1.5504414168271152,
        1.5312190597707576,
        1.4163562709634954,
        1.4017401391809636,
        1.378910313953053,
        1.3570768941532483,
        1.317852106961337,
        1.285292473706332,
        1.3468904820355503,
        1.2706705982034856,
        1.273836780678142,
        1.3092853968793696,
        1.2898647297512402,
        1.2892956896261736,
        1.323051924055273,
        1.3757306662472812,
        1.3336953304030679,
        1.3344145904887805,
        1.3291393464261836,
        1.328373914415186,
        1.369820242578333,
        1.4034136642109265,
        1.5000920458273455,
        1.4330396814779802,
        1.398984741080891,
        1.449053087017753,
        1.4405719204382463,
        1.5198133696209302,
        1.511734593998302,
        1.543458797714927,
        1.673076938499104,
        1.5980340784246272,
        1.522735129703175,
        1.5909444418820469,
        1.6552150466225364,
        1.576012210412459,
        1.6464573415842922,
        1.7372416095300154,
        1.6709714965386824,
        1.6823136806488037,
        1.6755486130714417,
        1.7257792895490474
    ]
}