{
    "correct_weight": 1.0,
    "incorrect_weight": 1.5,
    "final_train_acc": 0.3636101186275482,
    "final_val_acc": 0.27912285923957825,
    "final_train_loss": 0.8127163801437769,
    "final_val_loss": 1.1843138499693437,
    "train_acc_history": [
        0.07456032186746597,
        0.10743764787912369,
        0.09074777364730835,
        0.08784169703722,
        0.16994614899158478,
        0.09791133552789688,
        0.07521052658557892,
        0.11890242993831635,
        0.10223238915205002,
        0.10295425355434418,
        0.13718461990356445,
        0.1504044532775879,
        0.16597570478916168,
        0.17729270458221436,
        0.18723562359809875,
        0.16298258304595947,
        0.14909473061561584,
        0.1547238826751709,
        0.1703161895275116,
        0.17541618645191193,
        0.1701744943857193,
        0.19014088809490204,
        0.2091299593448639,
        0.2186983823776245,
        0.2164890617132187,
        0.2199198305606842,
        0.22931821644306183,
        0.24793198704719543,
        0.23880000412464142,
        0.24876801669597626,
        0.2428591102361679,
        0.2646700441837311,
        0.2626761198043823,
        0.2756336033344269,
        0.2764263153076172,
        0.2885647714138031,
        0.2897781431674957,
        0.28898340463638306,
        0.2972060739994049,
        0.30355748534202576,
        0.3073562681674957,
        0.32152146100997925,
        0.3242659866809845,
        0.32394373416900635,
        0.3300348222255707,
        0.3413489758968353,
        0.34298014640808105,
        0.33855709433555603,
        0.34348541498184204,
        0.3636101186275482
    ],
    "val_acc_history": [
        0.21128571033477783,
        0.08471713960170746,
        0.07932856678962708,
        0.06869713962078094,
        0.12419428676366806,
        0.06962857395410538,
        0.11515999585390091,
        0.08347713947296143,
        0.09829999506473541,
        0.10380285233259201,
        0.09761428087949753,
        0.19305142760276794,
        0.20572571456432343,
        0.1734885722398758,
        0.1766628473997116,
        0.09816571325063705,
        0.1533428579568863,
        0.1183171421289444,
        0.145102858543396,
        0.2235085666179657,
        0.2080542892217636,
        0.17439714074134827,
        0.17932571470737457,
        0.18894857168197632,
        0.20381714403629303,
        0.18843428790569305,
        0.22056570649147034,
        0.23524856567382812,
        0.20991428196430206,
        0.1639857143163681,
        0.24361713230609894,
        0.20527999103069305,
        0.2076857089996338,
        0.20307999849319458,
        0.24208857119083405,
        0.21670570969581604,
        0.2669542729854584,
        0.2570628523826599,
        0.257554292678833,
        0.19876284897327423,
        0.25744572281837463,
        0.2626771330833435,
        0.23634284734725952,
        0.29439714550971985,
        0.25461429357528687,
        0.27787429094314575,
        0.29494571685791016,
        0.28646284341812134,
        0.31264856457710266,
        0.27912285923957825
    ],
    "train_loss_history": [
        1.2458052864441505,
        1.2273135490906544,
        1.196053391847855,
        1.2176015682709522,
        1.2268111690496788,
        1.1909008454053829,
        1.212154637544583,
        1.1598654756179223,
        1.120389657142835,
        1.1227174661098382,
        1.0973122242169502,
        1.0787597023523772,
        1.0614318068210895,
        1.0454260087930238,
        1.0269933151893127,
        1.0696019614354157,
        1.0704466425455534,
        1.0511443240520282,
        1.031376159343964,
        1.0316262069420936,
        1.0248747597902248,
        1.0079642633597057,
        0.9947469861079485,
        0.9886132325881567,
        0.9888848341428317,
        0.9865873906856928,
        0.9713258919043418,
        0.9579825057433202,
        0.9767674429294391,
        0.9625462392965952,
        0.9570821332625854,
        0.9468256846452371,
        0.9365301644190763,
        0.9287146880076482,
        0.9265785599366213,
        0.9181870069259253,
        0.9103371294645163,
        0.9041333687611115,
        0.8981791711770571,
        0.8866120324685023,
        0.8836463674520835,
        0.8725010255972544,
        0.8678335539805584,
        0.8642997711132734,
        0.8543480436007181,
        0.8405701579191746,
        0.8374347724975684,
        0.8385399564718589,
        0.8342635761468838,
        0.8127163801437769
    ],
    "val_loss_history": [
        1.2416236400604248,
        1.264278536493128,
        1.2464082728732715,
        1.2461458444595337,
        1.2263006297024814,
        1.1803532296961003,
        1.2531146082011135,
        1.1559473438696428,
        1.1427332054484973,
        1.112036249854348,
        1.0941697250713,
        1.0861787525090305,
        1.0873835574496875,
        1.0853873166170986,
        1.082020727070895,
        1.0946780118075283,
        1.0716717893427068,
        1.0662171786481685,
        1.0857656489719043,
        1.0733116919344121,
        1.0718834616921165,
        1.074878990650177,
        1.0876736424186013,
        1.0852491476319053,
        1.0793919617479497,
        1.084119276566939,
        1.0795637477527966,
        1.103379937735471,
        1.0920294360681013,
        1.0983412590893833,
        1.1227749315175144,
        1.1052320111881604,
        1.1066193959929727,
        1.1288841854442249,
        1.0942231091586025,
        1.1199946024201133,
        1.1247515732591802,
        1.155996712771329,
        1.1357600472190164,
        1.1608787829225713,
        1.1300646337595852,
        1.11707557331432,
        1.1342770457267761,
        1.189659053629095,
        1.183494665405967,
        1.1672250357541172,
        1.1869823390787297,
        1.186395374211398,
        1.1830563436854968,
        1.1843138499693437
    ]
}