{
    "correct_weight": 0.5,
    "incorrect_weight": 2.5,
    "final_train_acc": 0.24460282921791077,
    "final_val_acc": 0.22751714289188385,
    "final_train_loss": 1.3789574962395887,
    "final_val_loss": 1.6697436029260808,
    "train_acc_history": [
        0.08170566707849503,
        0.1159939244389534,
        0.09490080922842026,
        0.09861862659454346,
        0.13977165520191193,
        0.10036598891019821,
        0.091537244617939,
        0.09596032649278641,
        0.14897489547729492,
        0.1615356206893921,
        0.1554105281829834,
        0.15737733244895935,
        0.15586113929748535,
        0.1520550549030304,
        0.15279270708560944,
        0.1496688276529312,
        0.14721660315990448,
        0.14253927767276764,
        0.14495505392551422,
        0.14468826353549957,
        0.14944656193256378,
        0.15058420598506927,
        0.15217570960521698,
        0.1534012109041214,
        0.13935303688049316,
        0.1414809674024582,
        0.14011943340301514,
        0.13928380608558655,
        0.14163602888584137,
        0.14155344665050507,
        0.13917003571987152,
        0.143690288066864,
        0.1455404907464981,
        0.14557529985904694,
        0.1506943255662918,
        0.15623562037944794,
        0.15730121731758118,
        0.17198258638381958,
        0.17870891094207764,
        0.18353967368602753,
        0.19123157858848572,
        0.16901983320713043,
        0.18748177587985992,
        0.19735383987426758,
        0.2005639672279358,
        0.21159958839416504,
        0.22085587680339813,
        0.22423359751701355,
        0.23788826167583466,
        0.24460282921791077
    ],
    "val_acc_history": [
        0.06322856992483139,
        0.09786571562290192,
        0.13973428308963776,
        0.05714857205748558,
        0.056688569486141205,
        0.052888572216033936,
        0.06526285409927368,
        0.1150885671377182,
        0.09505999833345413,
        0.08749714493751526,
        0.14635999500751495,
        0.1502428501844406,
        0.14019714295864105,
        0.25462284684181213,
        0.09216000139713287,
        0.08948857337236404,
        0.1091371402144432,
        0.12443999946117401,
        0.10834857076406479,
        0.08569714426994324,
        0.21297141909599304,
        0.09246856719255447,
        0.12853999435901642,
        0.127105712890625,
        0.11948856711387634,
        0.11607428640127182,
        0.09294857084751129,
        0.20813427865505219,
        0.1077742874622345,
        0.1363999992609024,
        0.14280857145786285,
        0.12349999696016312,
        0.12065713852643967,
        0.17326857149600983,
        0.15959714353084564,
        0.11704285442829132,
        0.21295428276062012,
        0.15788857638835907,
        0.15563999116420746,
        0.09303999692201614,
        0.15334856510162354,
        0.13517142832279205,
        0.17446285486221313,
        0.15994571149349213,
        0.22070571780204773,
        0.2103142887353897,
        0.13863427937030792,
        0.2517400085926056,
        0.25632572174072266,
        0.22751714289188385
    ],
    "train_loss_history": [
        1.96487457324297,
        1.9353085863284576,
        1.8856258315917773,
        1.9259949234815745,
        1.9166471866460948,
        1.9157431446588957,
        1.8655585233981793,
        1.7713117844019182,
        1.721683028416756,
        1.6956043793604925,
        1.6845219899446537,
        1.6738924888464122,
        1.6589986681938171,
        1.6620914615117586,
        1.6505056543227954,
        1.6480011298106267,
        1.6416888664930294,
        1.63492686014909,
        1.631163742297735,
        1.6316957122240312,
        1.6089055767426124,
        1.6146525526658082,
        1.5977386175057826,
        1.5960913957693639,
        1.6383928305063493,
        1.6418025157390497,
        1.6330910997513013,
        1.6319331542039528,
        1.631882878450247,
        1.6309294410240955,
        1.6312719445962172,
        1.6263577785247412,
        1.6224727493066053,
        1.610930777513064,
        1.5961361206494844,
        1.5867930620144575,
        1.5658736687440138,
        1.5391156260783856,
        1.5242841396576319,
        1.5051188316100683,
        1.493120028422429,
        1.5611608318793468,
        1.5031687082388463,
        1.485315474180075,
        1.465828680075132,
        1.4466390426342304,
        1.4272427772864318,
        1.4193019240330427,
        1.3906859831932263,
        1.3789574962395887
    ],
    "val_loss_history": [
        1.953821063041687,
        1.9455884369936856,
        1.9287941672585227,
        1.9871384664015337,
        1.9940308115699075,
        1.9094000404531306,
        1.7788837497884578,
        1.7268189733678645,
        1.6830911853096702,
        1.7105547081340442,
        1.6513473987579346,
        1.6491668874567205,
        1.6451954408125444,
        1.65823541988026,
        1.6433330340818926,
        1.7064199230887673,
        1.6514722108840942,
        1.639248089356856,
        1.6172303394837813,
        1.6232217008417302,
        1.626150369644165,
        1.6269607760689475,
        1.6038920770991931,
        1.6719252954829822,
        1.6326728625731035,
        1.6301696625622837,
        1.6297679055820813,
        1.6292548721486872,
        1.6232248544692993,
        1.621661814776334,
        1.6260877414183184,
        1.6539369062943892,
        1.6451261585408992,
        1.6276886896653608,
        1.6097663966092197,
        1.615869478745894,
        1.6175036430358887,
        1.638783259825273,
        1.6550842090086504,
        1.6379118074070325,
        1.6041367704218084,
        1.6244829351251775,
        1.651719169183211,
        1.6578373258764094,
        1.6119396686553955,
        1.6798914562572131,
        1.6480330228805542,
        1.6059072342785923,
        1.6668008945204995,
        1.6697436029260808
    ]
}