{
    "correct_weight": 0.7,
    "incorrect_weight": 2.0,
    "final_train_acc": 0.3354502022266388,
    "final_val_acc": 0.26481714844703674,
    "final_train_loss": 1.0300322503615649,
    "final_val_loss": 1.4467896060510115,
    "train_acc_history": [
        0.08028906583786011,
        0.11782024055719376,
        0.08678177744150162,
        0.09612226486206055,
        0.10024453699588776,
        0.06726882606744766,
        0.06989635527133942,
        0.10984736680984497,
        0.13139595091342926,
        0.11275181919336319,
        0.1356145739555359,
        0.10934291779994965,
        0.11221214383840561,
        0.10675182193517685,
        0.1059412956237793,
        0.15343806147575378,
        0.15826275944709778,
        0.1494777351617813,
        0.14647895097732544,
        0.14431537687778473,
        0.14688865840435028,
        0.14578907191753387,
        0.14827854931354523,
        0.15026316046714783,
        0.15697570145130157,
        0.17039838433265686,
        0.17083603143692017,
        0.18818259239196777,
        0.19433239102363586,
        0.2109064757823944,
        0.21341821551322937,
        0.2363319844007492,
        0.24340364336967468,
        0.25523442029953003,
        0.25881093740463257,
        0.26323115825653076,
        0.2800453305244446,
        0.2808566689491272,
        0.2818611264228821,
        0.29762792587280273,
        0.30294573307037354,
        0.30408987402915955,
        0.30976152420043945,
        0.305897980928421,
        0.32109150290489197,
        0.32093682885169983,
        0.3132097125053406,
        0.31194978952407837,
        0.32550403475761414,
        0.3354502022266388
    ],
    "val_acc_history": [
        0.05236285552382469,
        0.06239714100956917,
        0.05942856892943382,
        0.04464856907725334,
        0.06615713983774185,
        0.06364285945892334,
        0.05161428451538086,
        0.058631427586078644,
        0.06578856706619263,
        0.07696857303380966,
        0.06432285904884338,
        0.08320000022649765,
        0.1674657166004181,
        0.06452285498380661,
        0.1025514304637909,
        0.1781514286994934,
        0.12015428394079208,
        0.12140285223722458,
        0.13202856481075287,
        0.10979142785072327,
        0.1272028535604477,
        0.09276285767555237,
        0.1270628571510315,
        0.1479542851448059,
        0.1486828625202179,
        0.13681714236736298,
        0.18772286176681519,
        0.139517143368721,
        0.19565428793430328,
        0.2532285749912262,
        0.24388284981250763,
        0.20542000234127045,
        0.1862771362066269,
        0.19462570548057556,
        0.2607571482658386,
        0.19329428672790527,
        0.2312571406364441,
        0.20248571038246155,
        0.21256856620311737,
        0.2724199891090393,
        0.18731142580509186,
        0.22165141999721527,
        0.2646171450614929,
        0.27610570192337036,
        0.249917134642601,
        0.24840857088565826,
        0.2452142834663391,
        0.25825998187065125,
        0.2523828446865082,
        0.26481714844703674
    ],
    "train_loss_history": [
        1.6005399777339056,
        1.5745921241931427,
        1.5445743447695024,
        1.5240720907847087,
        1.5544504462144313,
        1.559587938663287,
        1.551984646381476,
        1.5880497587032807,
        1.5662919924809382,
        1.532231534138704,
        1.5329249195563488,
        1.4995477841450617,
        1.4702592553236546,
        1.547346715743725,
        1.4481550592642565,
        1.4000607087061956,
        1.3831766645113628,
        1.3712587341284141,
        1.362640416010832,
        1.3558995769574091,
        1.3440964145538135,
        1.3399761961056635,
        1.3131948480239282,
        1.3028320670127869,
        1.276412383103982,
        1.2509919420266762,
        1.25388330526841,
        1.2257388066022823,
        1.2088580895692875,
        1.1989750632872949,
        1.1983464069855518,
        1.1814831984348786,
        1.171898222886599,
        1.1599935919810564,
        1.152501826102917,
        1.1548081453029926,
        1.1326704208667462,
        1.1317091492506175,
        1.1238402265768785,
        1.1083221435546875,
        1.104802701717768,
        1.0977750451136858,
        1.0886024947349842,
        1.0871814038508978,
        1.0789179809582539,
        1.0726031011495836,
        1.0787079632282257,
        1.080550105143816,
        1.0491429315163538,
        1.0300322503615649
    ],
    "val_loss_history": [
        1.5952973690899936,
        1.5959361358122393,
        1.5921841209585017,
        1.587030660022389,
        1.4891962788321755,
        1.5622559785842896,
        1.5743549953807483,
        1.5693093863400547,
        1.5864335081794045,
        1.5900980884378606,
        1.5693928436799482,
        1.5582842176610774,
        1.5069058700041338,
        1.4717286825180054,
        1.3976148258556018,
        1.4016071341254495,
        1.3720053434371948,
        1.3583340644836426,
        1.3523621992631392,
        1.3562797199596057,
        1.3419916087930852,
        1.3509589975530452,
        1.34548049623316,
        1.344667456366799,
        1.341411991552873,
        1.3529089905998923,
        1.330704006281766,
        1.3394779508764094,
        1.322752600366419,
        1.3522636077620767,
        1.3304387656125156,
        1.3691137866540388,
        1.3115732073783875,
        1.3713690530170093,
        1.3176952763037248,
        1.3310016176917336,
        1.3405645164576443,
        1.427785797552629,
        1.4154350378296592,
        1.3691676367412915,
        1.3690221905708313,
        1.3740460547533901,
        1.435686095194383,
        1.3809404644099148,
        1.4608313170346348,
        1.3736892559311606,
        1.4628296006809582,
        1.428899353200739,
        1.3900692571293225,
        1.4467896060510115
    ]
}