{
    "correct_weight": 0.9,
    "incorrect_weight": 2.5,
    "final_train_acc": 0.3461599051952362,
    "final_val_acc": 0.266791433095932,
    "final_train_loss": 1.2522799770037334,
    "final_val_loss": 1.8992477005178279,
    "train_acc_history": [
        0.07992874830961227,
        0.11665141582489014,
        0.07304494082927704,
        0.08432266861200333,
        0.09439270943403244,
        0.11091741174459457,
        0.1423538476228714,
        0.14707934856414795,
        0.1476493924856186,
        0.14460889995098114,
        0.13920120894908905,
        0.1397271305322647,
        0.13779878616333008,
        0.13317003846168518,
        0.13575060665607452,
        0.1379506140947342,
        0.13678784668445587,
        0.13244615495204926,
        0.13669918477535248,
        0.13598744571208954,
        0.13985465466976166,
        0.14471133053302765,
        0.1410064697265625,
        0.1487072855234146,
        0.14063359797000885,
        0.13453562557697296,
        0.13730891048908234,
        0.13703522086143494,
        0.14369554817676544,
        0.15234453976154327,
        0.15112145245075226,
        0.16717246174812317,
        0.1712186187505722,
        0.1819121390581131,
        0.192324697971344,
        0.2198534458875656,
        0.2357773333787918,
        0.23626112937927246,
        0.2560833990573883,
        0.22996477782726288,
        0.2654271125793457,
        0.2774757146835327,
        0.2877967655658722,
        0.29475992918014526,
        0.3039971590042114,
        0.3131275177001953,
        0.3276413083076477,
        0.3160724639892578,
        0.33050405979156494,
        0.3461599051952362
    ],
    "val_acc_history": [
        0.058465711772441864,
        0.05965714156627655,
        0.041931428015232086,
        0.06300285458564758,
        0.05416285619139671,
        0.1660342812538147,
        0.09235714375972748,
        0.20072856545448303,
        0.10530000180006027,
        0.08152856677770615,
        0.10769142955541611,
        0.12259428203105927,
        0.15124857425689697,
        0.19732286036014557,
        0.1209428533911705,
        0.13897427916526794,
        0.06919428706169128,
        0.11977142840623856,
        0.07599428296089172,
        0.10880571603775024,
        0.1315142810344696,
        0.11317428201436996,
        0.12616856396198273,
        0.123174287378788,
        0.11924571543931961,
        0.15367713570594788,
        0.14432856440544128,
        0.14442570507526398,
        0.12504856288433075,
        0.12229713797569275,
        0.15615999698638916,
        0.06906857341527939,
        0.15432856976985931,
        0.0807085707783699,
        0.19483999907970428,
        0.11997142434120178,
        0.236128568649292,
        0.2089942842721939,
        0.14111143350601196,
        0.17088857293128967,
        0.2169971466064453,
        0.19108857214450836,
        0.21592570841312408,
        0.23051999509334564,
        0.2057228535413742,
        0.2712571322917938,
        0.19596856832504272,
        0.26428571343421936,
        0.23678284883499146,
        0.266791433095932
    ],
    "train_loss_history": [
        2.0033801824618607,
        1.9708049129217098,
        1.949487070242564,
        1.9283609436108515,
        1.9194421890454414,
        1.8438805693235152,
        1.7669537189679267,
        1.7355006948495522,
        1.7157315795238202,
        1.7086856013689287,
        1.6977794262079091,
        1.6925851962505243,
        1.6884211913133278,
        1.6930775810510685,
        1.6831876604984968,
        1.6840235468668816,
        1.6834106399462774,
        1.6816845734914143,
        1.676482876141866,
        1.6692317953476539,
        1.6529042231730926,
        1.6388086065267906,
        1.6426108968563569,
        1.6044774376429045,
        1.6811553499637506,
        1.6766339555764809,
        1.6707472740075526,
        1.666233322559259,
        1.6309453417093327,
        1.5929089096876292,
        1.5845590004554162,
        1.5467349275564537,
        1.549177232461098,
        1.5253430345119574,
        1.5034328194764943,
        1.4661194345889947,
        1.4543216625849407,
        1.4552378364098377,
        1.4258416004669971,
        1.4873305757840474,
        1.4147995374141595,
        1.3997743771626399,
        1.3886868403508112,
        1.358745324305999,
        1.3519381972459645,
        1.3270954520274432,
        1.3092204668583014,
        1.3092443973590167,
        1.283338453525152,
        1.2522799770037334
    ],
    "val_loss_history": [
        1.9958592436530374,
        2.0058599385348233,
        1.9913557334379717,
        1.9219478260387073,
        1.9135537581010298,
        1.7627012621272693,
        1.7598788304762407,
        1.689602548425848,
        1.7168807766654275,
        1.7202021750536831,
        1.6973657933148472,
        1.6908046332272617,
        1.692533547228033,
        1.6936600858514959,
        1.6723536144603381,
        1.6886236667633057,
        1.6804913932626897,
        1.692095236344771,
        1.6851652427153154,
        1.686748287894509,
        1.6835624954917214,
        1.6799213127656416,
        1.6856577071276577,
        1.6596264839172363,
        1.6835442239587957,
        1.6969602433117954,
        1.6729847951368852,
        1.6785268241708928,
        1.6543175198815085,
        1.6846609765833074,
        1.682106993415139,
        1.7083714983680032,
        1.6603705341165715,
        1.726387988437306,
        1.6908326799219304,
        1.7145172249187122,
        1.7335885763168335,
        1.7429344654083252,
        1.6788230809298428,
        1.705038850957697,
        1.7260744029825383,
        1.717365795915777,
        1.7511620846661655,
        1.7525985024192117,
        1.7580281496047974,
        1.7840782620690085,
        1.8317589326338335,
        1.7346550659699873,
        1.8120076114481145,
        1.8992477005178279
    ]
}