{
    "correct_weight": 0.9,
    "incorrect_weight": 1.5,
    "final_train_acc": 0.27966761589050293,
    "final_val_acc": 0.1562914252281189,
    "final_train_loss": 0.8943322178645011,
    "final_val_loss": 1.11656962741505,
    "train_acc_history": [
        0.07626437395811081,
        0.10933360457420349,
        0.08984129875898361,
        0.10285749286413193,
        0.08835222572088242,
        0.10495506227016449,
        0.1154663935303688,
        0.11650606989860535,
        0.11634413152933121,
        0.11703360080718994,
        0.11632631719112396,
        0.12410768866539001,
        0.14132550358772278,
        0.11164575070142746,
        0.10693684220314026,
        0.1371493935585022,
        0.12838219106197357,
        0.15960729122161865,
        0.1632765233516693,
        0.1612238883972168,
        0.16186073422431946,
        0.17313887178897858,
        0.13981659710407257,
        0.15118259191513062,
        0.1537761092185974,
        0.15760648250579834,
        0.1710323840379715,
        0.1696704477071762,
        0.17656801640987396,
        0.17182549834251404,
        0.17913441359996796,
        0.18740728497505188,
        0.1985016167163849,
        0.19402632117271423,
        0.19723157584667206,
        0.21125060319900513,
        0.21788015961647034,
        0.19506113231182098,
        0.16471537947654724,
        0.18787166476249695,
        0.21142145991325378,
        0.2188943326473236,
        0.22661861777305603,
        0.24468299746513367,
        0.2406461536884308,
        0.24932469427585602,
        0.272323876619339,
        0.26934048533439636,
        0.2682809829711914,
        0.27966761589050293
    ],
    "val_acc_history": [
        0.1493857055902481,
        0.06558571010828018,
        0.08871428668498993,
        0.05722285807132721,
        0.11147714406251907,
        0.09314856678247452,
        0.10373428463935852,
        0.14259713888168335,
        0.06887713819742203,
        0.11274570971727371,
        0.10184857249259949,
        0.10641999542713165,
        0.053197141736745834,
        0.12140856683254242,
        0.10655428469181061,
        0.08950857073068619,
        0.12548856437206268,
        0.11355999857187271,
        0.14608000218868256,
        0.14125999808311462,
        0.10567428171634674,
        0.09393999725580215,
        0.09141142666339874,
        0.12243999540805817,
        0.13774000108242035,
        0.1183171421289444,
        0.13886284828186035,
        0.11353714019060135,
        0.14144285023212433,
        0.12011142820119858,
        0.16054286062717438,
        0.13295714557170868,
        0.12291428446769714,
        0.11661142855882645,
        0.1643799990415573,
        0.14722000062465668,
        0.12459142506122589,
        0.1266428530216217,
        0.1239742860198021,
        0.1360200047492981,
        0.11968570947647095,
        0.15679143369197845,
        0.18038000166416168,
        0.14995428919792175,
        0.18238571286201477,
        0.21781714260578156,
        0.12847143411636353,
        0.1967657059431076,
        0.17123427987098694,
        0.1562914252281189
    ],
    "train_loss_history": [
        1.2362421735739098,
        1.2177011905572352,
        1.1797859439483056,
        1.1635279808288965,
        1.168111801147461,
        1.151725397660182,
        1.1561847894619672,
        1.1308157184185126,
        1.1197352485779004,
        1.1185185374357762,
        1.0998265972504249,
        1.0992365861550355,
        1.095955477311061,
        1.1215795354965405,
        1.171445028904157,
        1.1892651732151325,
        1.1445922010984175,
        1.1061838559615307,
        1.0774979514953418,
        1.0665721969726758,
        1.0456292216594403,
        1.0394798051088283,
        1.0702391725320082,
        1.0395350341613476,
        1.0378738274941077,
        1.0328354292955153,
        1.0104406735835931,
        1.0030071078202663,
        0.994433730840683,
        0.9905436673225501,
        0.9781319162784479,
        0.98131702037958,
        0.960705782358463,
        0.9653253241991385,
        0.9606871750110235,
        0.9478235229467734,
        0.938156362527456,
        0.9733065641843356,
        1.0127717822025983,
        0.9784084245180472,
        0.9469841374800756,
        0.9426894463025607,
        0.9298209280539782,
        0.9163964872176831,
        0.9284543631932675,
        0.9083104057189746,
        0.9026954311590928,
        0.8937320510546366,
        0.9049839125229762,
        0.8943322178645011
    ],
    "val_loss_history": [
        1.2345842990008267,
        1.2249858000061729,
        1.238540443507108,
        1.1904709501699968,
        1.245505159551447,
        1.2378222996538335,
        1.2417107061906294,
        1.2315773313695735,
        1.3020869872786782,
        1.2510615207932212,
        1.3112613829699429,
        1.2236020619219,
        1.2449297904968262,
        1.244005712595853,
        1.2205625664104114,
        1.160797119140625,
        1.1544696634465998,
        1.1133467500860041,
        1.0797047940167515,
        1.0801223949952559,
        1.0640429149974475,
        1.1176045753739097,
        1.0767361630092969,
        1.069842430678281,
        1.069369538263841,
        1.0798453038389033,
        1.074202450838956,
        1.0656524246389216,
        1.0850336985154585,
        1.0817367271943525,
        1.0819754708896985,
        1.0831996365026995,
        1.0767558325420727,
        1.070106034929102,
        1.0760497613386675,
        1.0750922181389548,
        1.0922201709313826,
        1.0566222884438254,
        1.0666472749276594,
        1.0859614556485957,
        1.0948046500032598,
        1.1114557439630681,
        1.1088852286338806,
        1.0991572575135664,
        1.1130831187421626,
        1.1111685904589566,
        1.1144368323412808,
        1.1201662475412542,
        1.0969991467215798,
        1.11656962741505
    ]
}