{
    "correct_weight": 1.0,
    "incorrect_weight": 3.0,
    "final_train_acc": 0.3805173933506012,
    "final_val_acc": 0.30691999197006226,
    "final_train_loss": 1.3343086349658477,
    "final_val_loss": 2.20092236995697,
    "train_acc_history": [
        0.08057732880115509,
        0.11751052737236023,
        0.08525708317756653,
        0.1204882562160492,
        0.09358056634664536,
        0.1459546536207199,
        0.16320161521434784,
        0.15260809659957886,
        0.14889474213123322,
        0.1414749026298523,
        0.1362716555595398,
        0.14050647616386414,
        0.14420728385448456,
        0.14382104575634003,
        0.14405708014965057,
        0.15064534544944763,
        0.15246154367923737,
        0.1465635597705841,
        0.16102348268032074,
        0.1642008125782013,
        0.1705145686864853,
        0.17954088747501373,
        0.18100647628307343,
        0.188491091132164,
        0.20027732849121094,
        0.1990639716386795,
        0.221734419465065,
        0.2238016128540039,
        0.23788826167583466,
        0.24130728840827942,
        0.25257205963134766,
        0.2721615433692932,
        0.2773396670818329,
        0.28310728073120117,
        0.2889874577522278,
        0.30326396226882935,
        0.3032279312610626,
        0.3166356384754181,
        0.3189716637134552,
        0.3236546516418457,
        0.3274202346801758,
        0.33449068665504456,
        0.3484688103199005,
        0.3451611399650574,
        0.3543647825717926,
        0.35946640372276306,
        0.35943642258644104,
        0.3622080981731415,
        0.36548906564712524,
        0.3805173933506012
    ],
    "val_acc_history": [
        0.05032571405172348,
        0.06517999619245529,
        0.0456114262342453,
        0.05359142646193504,
        0.12910285592079163,
        0.20157428085803986,
        0.09360285848379135,
        0.14350570738315582,
        0.10796856880187988,
        0.07389713823795319,
        0.15009428560733795,
        0.1438799947500229,
        0.16904285550117493,
        0.1824457049369812,
        0.13865143060684204,
        0.14721713960170746,
        0.09318571537733078,
        0.1602085679769516,
        0.09772571176290512,
        0.15287429094314575,
        0.1270514279603958,
        0.16899427771568298,
        0.1133200004696846,
        0.14533428847789764,
        0.2179514318704605,
        0.18640856444835663,
        0.14839428663253784,
        0.22700285911560059,
        0.1638028621673584,
        0.19223999977111816,
        0.27230286598205566,
        0.2635628581047058,
        0.2289685755968094,
        0.23549999296665192,
        0.3116314113140106,
        0.21003428101539612,
        0.2263885736465454,
        0.21902571618556976,
        0.2315657138824463,
        0.2309228479862213,
        0.2751171290874481,
        0.2531285583972931,
        0.2707599997520447,
        0.2588485777378082,
        0.2675314247608185,
        0.2787971496582031,
        0.27589714527130127,
        0.28715428709983826,
        0.32380858063697815,
        0.30691999197006226
    ],
    "train_loss_history": [
        2.3960265807616405,
        2.357700610772157,
        2.361706091807439,
        2.3436438945623546,
        2.2018380715296817,
        2.1219323720687475,
        2.071954899873489,
        2.062423233802502,
        2.0380439085838122,
        2.034402942046141,
        2.0248154386495933,
        2.0126042671692677,
        1.9959070972907238,
        1.999684303234785,
        1.9925726835544293,
        1.9851845579269605,
        1.976723652619582,
        1.9743671997999535,
        1.929873111920479,
        1.915182624107752,
        1.8788082141142626,
        1.8753429055213928,
        1.857154974570641,
        1.8410819340974858,
        1.8184419885659828,
        1.819465002952478,
        1.7732050953767238,
        1.781065815534347,
        1.7520125477741926,
        1.7374733472481751,
        1.7076360491605906,
        1.6684124439190595,
        1.646364694986588,
        1.6614902523847728,
        1.6344724618471587,
        1.5892016795965342,
        1.598074225279001,
        1.5638880332310994,
        1.5512043161269946,
        1.5451241746926918,
        1.5181970611596718,
        1.515835335621467,
        1.4660467872252831,
        1.4662733979714222,
        1.4345496281599388,
        1.4092265520340357,
        1.4094935594460902,
        1.3979165294231513,
        1.3630867218359923,
        1.3343086349658477
    ],
    "val_loss_history": [
        2.3912959423932163,
        2.4012847380204634,
        2.4327897375280205,
        2.2808777635747735,
        2.137281211939725,
        2.0880447300997647,
        2.038988395170732,
        2.0275754061612217,
        2.039380582896146,
        2.0308673815293745,
        2.0130807161331177,
        2.0192007368261162,
        2.0208280736749824,
        2.04053212295879,
        1.9999773827466099,
        2.043972297148271,
        2.0317541794343428,
        1.9812340411272915,
        1.9851643172177402,
        1.9949932315132834,
        1.97542311928489,
        1.9859135259281506,
        1.990433931350708,
        1.98697951706973,
        2.0272315848957407,
        2.117921926758506,
        1.9774827632037075,
        2.038493178107522,
        2.041301217946139,
        2.057515035976063,
        2.0665817260742188,
        2.0567197799682617,
        2.127425800670277,
        2.0647025866941973,
        2.1313071034171363,
        2.1060408028689297,
        2.1132845228368584,
        2.166053132577376,
        2.1809415600516577,
        2.1266267082907935,
        2.1318562681024726,
        2.1751233772798018,
        2.2293374863537876,
        2.244465318593112,
        2.2032379562204536,
        2.223379687829451,
        2.216289151798595,
        2.145350369540128,
        2.223163756457242,
        2.20092236995697
    ]
}