{
    "correct_weight": 0.7,
    "incorrect_weight": 1.2,
    "final_train_acc": 0.3383137583732605,
    "final_val_acc": 0.27937713265419006,
    "final_train_loss": 0.6532192390698653,
    "final_val_loss": 0.9338520982048728,
    "train_acc_history": [
        0.07621011883020401,
        0.10678259283304214,
        0.08695141971111298,
        0.09430931508541107,
        0.08001498132944107,
        0.07888947427272797,
        0.07496073096990585,
        0.07210485637187958,
        0.07548826187849045,
        0.08832550793886185,
        0.12708987295627594,
        0.16751821339130402,
        0.16169311106204987,
        0.15762226283550262,
        0.15337732434272766,
        0.16616882383823395,
        0.15985505282878876,
        0.15326882898807526,
        0.17382389307022095,
        0.16952833533287048,
        0.17409393191337585,
        0.18757125735282898,
        0.19517084956169128,
        0.19029392302036285,
        0.19833481311798096,
        0.19547206163406372,
        0.2119085043668747,
        0.21390202641487122,
        0.22488421201705933,
        0.24256639182567596,
        0.229828342795372,
        0.2561028301715851,
        0.2596190273761749,
        0.278617799282074,
        0.28359028697013855,
        0.2561239004135132,
        0.28080323338508606,
        0.2997773289680481,
        0.2963336110115051,
        0.3076530396938324,
        0.31164655089378357,
        0.3125542402267456,
        0.323175311088562,
        0.3329886496067047,
        0.3382149636745453,
        0.34762832522392273,
        0.3535028398036957,
        0.3571263253688812,
        0.3534534275531769,
        0.3383137583732605
    ],
    "val_acc_history": [
        0.13124285638332367,
        0.05200285464525223,
        0.055874284356832504,
        0.05111142620444298,
        0.06321428716182709,
        0.0630057156085968,
        0.09772857278585434,
        0.06638285517692566,
        0.07447999715805054,
        0.06955143064260483,
        0.1419028490781784,
        0.1492028534412384,
        0.1498485654592514,
        0.19473429024219513,
        0.18663428723812103,
        0.27127712965011597,
        0.1400914192199707,
        0.16658571362495422,
        0.08080285787582397,
        0.215297132730484,
        0.15758571028709412,
        0.18881142139434814,
        0.1744028478860855,
        0.15741142630577087,
        0.19772285223007202,
        0.2188885658979416,
        0.19745713472366333,
        0.2331800013780594,
        0.23328284919261932,
        0.2187914252281189,
        0.23441427946090698,
        0.1692914217710495,
        0.2637285590171814,
        0.24023428559303284,
        0.2566514313220978,
        0.2039114236831665,
        0.2400057166814804,
        0.2635857164859772,
        0.22829142212867737,
        0.25329142808914185,
        0.1986457109451294,
        0.23429428040981293,
        0.23583142459392548,
        0.27691712975502014,
        0.29723426699638367,
        0.2907800078392029,
        0.25715142488479614,
        0.2824114263057709,
        0.29230284690856934,
        0.27937713265419006
    ],
    "train_loss_history": [
        0.987100783831034,
        0.9738830305062808,
        0.957808888111359,
        0.9516091285607754,
        0.9427865468538724,
        0.9474634581651443,
        0.9256793803129441,
        0.9435933025983664,
        0.9005119502544403,
        0.8998982088688092,
        0.8872894919835604,
        0.8657192878234081,
        0.8573467555718545,
        0.8506165972122779,
        0.8438947078509208,
        0.8233480843213888,
        0.8280525390918438,
        0.8162539578401126,
        0.8059083399100181,
        0.8016703182306045,
        0.8089493360274878,
        0.7913642701430198,
        0.7821058883116796,
        0.7913975616296133,
        0.784513037938338,
        0.7809302035050515,
        0.7681571657841022,
        0.761045264892089,
        0.7573290872268188,
        0.7440124742495708,
        0.7606567755723611,
        0.7347453167805305,
        0.7266473166453533,
        0.7205878343337622,
        0.713956526456735,
        0.7466654242613376,
        0.7146928119353759,
        0.7022044291863074,
        0.7007479736438165,
        0.6901377599972945,
        0.6868707079153794,
        0.6839166115491818,
        0.6803524287847372,
        0.6601431797712277,
        0.6554520986019037,
        0.6502776016027499,
        0.642391616717363,
        0.6366958442406777,
        0.6331751766877297,
        0.6532192390698653
    ],
    "val_loss_history": [
        0.9889647798104719,
        0.992328708822077,
        0.9845812266523187,
        0.9616515690630133,
        0.9597186554561962,
        0.9411945234645497,
        1.0229118412191218,
        0.9332613836635243,
        0.9226369857788086,
        0.9065403992479498,
        0.884426398710771,
        0.933910765431144,
        0.8843597065318715,
        0.8585211743008007,
        0.8404155807061628,
        0.8589109507474032,
        0.8410830985416066,
        0.8464246500622142,
        0.843071617863395,
        0.8494224819270048,
        0.8560772754929282,
        0.8544568636200645,
        0.8416446935046803,
        0.8500709262761202,
        0.8548516197638079,
        0.8477538228034973,
        0.8574314659292047,
        0.8549983718178489,
        0.8602997498078779,
        0.8919737501577898,
        0.8769779096950184,
        0.8687262480909174,
        0.8585095459764654,
        0.8824118863452565,
        0.8875462250276045,
        0.8469385667280718,
        0.8644304221326654,
        0.9024719541723077,
        0.8761067444627936,
        0.8964888019995256,
        0.8646106178110297,
        0.8887346928769891,
        0.8950274044817145,
        0.9250376170331781,
        0.9285299344496294,
        0.9300912835381248,
        0.9466889175501737,
        0.9357735677198931,
        0.9918100075288252,
        0.9338520982048728
    ]
}