{
    "correct_weight": 0.5,
    "incorrect_weight": 1.0,
    "final_train_acc": 0.42609596252441406,
    "final_val_acc": 0.27457714080810547,
    "final_train_loss": 0.4211200647629224,
    "final_val_loss": 0.9132596335627816,
    "train_acc_history": [
        0.07792752981185913,
        0.11053603142499924,
        0.09716558456420898,
        0.10677044838666916,
        0.10755424946546555,
        0.13577409088611603,
        0.15562227368354797,
        0.14220567047595978,
        0.14130041003227234,
        0.13783401250839233,
        0.13216154277324677,
        0.1362570822238922,
        0.13819919526576996,
        0.1388493925333023,
        0.14406761527061462,
        0.1583493947982788,
        0.15558502078056335,
        0.16400283575057983,
        0.17280323803424835,
        0.19547531008720398,
        0.19929757714271545,
        0.22217124700546265,
        0.22904251515865326,
        0.2394137680530548,
        0.25234776735305786,
        0.2679295539855957,
        0.2817489802837372,
        0.2879166007041931,
        0.2950526177883148,
        0.3077550530433655,
        0.307359904050827,
        0.31287652254104614,
        0.307138055562973,
        0.32665708661079407,
        0.3442133665084839,
        0.3374149799346924,
        0.3465740978717804,
        0.3487336039543152,
        0.34204331040382385,
        0.35738542675971985,
        0.3582821786403656,
        0.3696526288986206,
        0.37153157591819763,
        0.3805842101573944,
        0.3812817931175232,
        0.3961198329925537,
        0.3858441412448883,
        0.3954728841781616,
        0.41348785161972046,
        0.42609596252441406
    ],
    "val_acc_history": [
        0.07204856723546982,
        0.07093142718076706,
        0.043625712394714355,
        0.09369143098592758,
        0.14566285908222198,
        0.23689714074134827,
        0.21719999611377716,
        0.11226285248994827,
        0.15467999875545502,
        0.1318514198064804,
        0.14202284812927246,
        0.14635999500751495,
        0.16612571477890015,
        0.17932571470737457,
        0.1517028510570526,
        0.1165628582239151,
        0.10396285355091095,
        0.19635142385959625,
        0.08612000197172165,
        0.13408857583999634,
        0.1663428544998169,
        0.245451420545578,
        0.16322000324726105,
        0.1913028508424759,
        0.21721428632736206,
        0.21607713401317596,
        0.2009085714817047,
        0.23240570724010468,
        0.2867657244205475,
        0.230288565158844,
        0.3001485764980316,
        0.18428857624530792,
        0.2216828614473343,
        0.25543999671936035,
        0.24127714335918427,
        0.22213713824748993,
        0.24391427636146545,
        0.2443685680627823,
        0.2556028664112091,
        0.2899657189846039,
        0.2511942684650421,
        0.2692599892616272,
        0.26464855670928955,
        0.25878000259399414,
        0.2791171371936798,
        0.2839028537273407,
        0.27622857689857483,
        0.28968286514282227,
        0.3351028561592102,
        0.27457714080810547
    ],
    "train_loss_history": [
        0.8146393046929286,
        0.8018295986530108,
        0.8019712872994251,
        0.7967789539924035,
        0.7624913339431469,
        0.7266055024587191,
        0.7093911797572405,
        0.702322414288154,
        0.6969239031657194,
        0.6952741474677355,
        0.6915712295434414,
        0.6889265256050305,
        0.6843063235282898,
        0.6815859492008502,
        0.674240618180006,
        0.6615375975767771,
        0.6624823365456018,
        0.6533160324280078,
        0.6477637512561603,
        0.6314080670858041,
        0.6270664433638254,
        0.6151985266269782,
        0.6116710801919302,
        0.6085465061358917,
        0.5964936698094393,
        0.5890929538470048,
        0.5810880019114568,
        0.5761607778378022,
        0.5676493652355976,
        0.5603269162850503,
        0.5603630886628077,
        0.5586373660808954,
        0.5615097295779449,
        0.5421053453897818,
        0.5319215273245786,
        0.5291356528416659,
        0.5213404641701624,
        0.5184483027611023,
        0.5177168005552047,
        0.5043304069684102,
        0.5035402507354052,
        0.4902998663676091,
        0.48423759677471256,
        0.47345561476854175,
        0.4720588456361722,
        0.4582619193272713,
        0.4672173043856254,
        0.45214891280883396,
        0.43450185312674594,
        0.4211200647629224
    ],
    "val_loss_history": [
        0.8165744705633684,
        0.8306461843577299,
        0.8217214400118048,
        0.7830856821753762,
        0.7225202538750388,
        0.7345055504278704,
        0.7053524309938605,
        0.6918562921610746,
        0.7001153393225237,
        0.7031744122505188,
        0.6898817799308083,
        0.6965828754685142,
        0.6923529722473838,
        0.6858736710114912,
        0.6929301456971602,
        0.7042297991839322,
        0.6982672810554504,
        0.683190643787384,
        0.6956660964272239,
        0.691118988123807,
        0.6752631881020286,
        0.7138559953732924,
        0.7180839451876554,
        0.7101597460833463,
        0.7223762598904696,
        0.7499894012104381,
        0.7450431476939808,
        0.7077889496629889,
        0.7322329391132701,
        0.7411606393077157,
        0.7295159724625674,
        0.7466603138230063,
        0.7561095384034243,
        0.7615501826459711,
        0.7428122352470051,
        0.7751741165464575,
        0.7635558301752264,
        0.767379189079458,
        0.773528053001924,
        0.8223976655439897,
        0.7551776360381733,
        0.7925436415455558,
        0.8000881807370619,
        0.8053912357850508,
        0.8568109192631461,
        0.8105817897753282,
        0.8837358599359338,
        0.8422387919642709,
        0.8352508382363752,
        0.9132596335627816
    ]
}