{
    "correct_weight": 1.0,
    "incorrect_weight": 1.2,
    "final_train_acc": 0.19870728254318237,
    "final_val_acc": 0.16107428073883057,
    "final_train_loss": 0.811865088267204,
    "final_val_loss": 0.9463639638640664,
    "train_acc_history": [
        0.0686659887433052,
        0.10222267359495163,
        0.06664656102657318,
        0.05960850045084953,
        0.06421133875846863,
        0.09889756888151169,
        0.10657084733247757,
        0.1264522224664688,
        0.1170947328209877,
        0.11895303428173065,
        0.09262267500162125,
        0.06771295517683029,
        0.11694534122943878,
        0.04975344240665436,
        0.0897364392876625,
        0.07272469252347946,
        0.12172631174325943,
        0.09289878606796265,
        0.06148785352706909,
        0.06660890579223633,
        0.05714615434408188,
        0.054369229823350906,
        0.07345465570688248,
        0.13885262608528137,
        0.10575101524591446,
        0.11521133780479431,
        0.09810161590576172,
        0.10679149627685547,
        0.10201376676559448,
        0.09022226929664612,
        0.09474655985832214,
        0.0961279347538948,
        0.0992785394191742,
        0.11544007807970047,
        0.10495465248823166,
        0.1229834035038948,
        0.12732145190238953,
        0.14160971343517303,
        0.16006477177143097,
        0.16782024502754211,
        0.16697247326374054,
        0.18589675426483154,
        0.20649230480194092,
        0.18024736642837524,
        0.1432979702949524,
        0.16795788705348969,
        0.2064477652311325,
        0.18633684515953064,
        0.1745271235704422,
        0.19870728254318237
    ],
    "val_acc_history": [
        0.1849599927663803,
        0.07933428138494492,
        0.05771999806165695,
        0.05380285531282425,
        0.0721857100725174,
        0.18272285163402557,
        0.061322856694459915,
        0.20165714621543884,
        0.14234285056591034,
        0.09824571013450623,
        0.05617142841219902,
        0.065140001475811,
        0.0947885736823082,
        0.04713714122772217,
        0.2467571347951889,
        0.0806799978017807,
        0.104531429708004,
        0.03866000100970268,
        0.04896857216954231,
        0.057291429489851,
        0.059117142111063004,
        0.050845712423324585,
        0.07764285802841187,
        0.07344000041484833,
        0.09346285462379456,
        0.07306285947561264,
        0.06542285531759262,
        0.10115999728441238,
        0.08700571209192276,
        0.058068569749593735,
        0.07547999918460846,
        0.06441713869571686,
        0.08256570994853973,
        0.12359999865293503,
        0.09742285311222076,
        0.08422856777906418,
        0.0755428597331047,
        0.10342571139335632,
        0.1240028589963913,
        0.1160857155919075,
        0.0980885699391365,
        0.1666114330291748,
        0.12101999670267105,
        0.09343714267015457,
        0.08192285895347595,
        0.1417628526687622,
        0.1383771449327469,
        0.17178571224212646,
        0.13717427849769592,
        0.16107428073883057
    ],
    "train_loss_history": [
        1.016164732285035,
        0.9990112437651708,
        1.0049544465847504,
        1.0102424445824745,
        0.9819221336107987,
        0.9964903394381205,
        0.9945381039228195,
        1.0059994520285191,
        0.9975088154658293,
        0.98570322455504,
        0.9928259467467283,
        0.9945168701501993,
        0.9837281207243601,
        1.0145059487758539,
        1.0142639516255794,
        1.0134456822505364,
        1.0089404972699971,
        0.9964291522136102,
        1.011665356464875,
        0.9962191788049845,
        0.9925731932505583,
        0.9938936050121601,
        0.9933856993149488,
        1.0029512697305434,
        0.9955894633745536,
        0.9809849415069971,
        0.9649211718485906,
        0.9847747064553775,
        0.9517822357324454,
        0.9487127485947732,
        0.9446731507778168,
        0.9396337973765838,
        0.9351842884833996,
        0.92230785657198,
        0.9336718985667596,
        0.907899694565015,
        0.9016589530003376,
        0.9002195252821996,
        0.8939888232793564,
        0.8819995652406644,
        0.8870325531715002,
        0.8570109047950842,
        0.8283652166525522,
        0.8685236496803088,
        0.8963270569458986,
        0.863302190334369,
        0.8267406232846088,
        0.8285548289616903,
        0.8509448338777591,
        0.811865088267204
    ],
    "val_loss_history": [
        1.0138340592384338,
        1.0145367709073154,
        1.0090330622412942,
        1.0123086354949258,
        1.0015712705525486,
        1.0157099799676375,
        0.9977560856125571,
        1.0118093490600586,
        1.0142460411245173,
        1.013390600681305,
        1.0047837008129468,
        1.0000522190874273,
        0.9986695051193237,
        1.0149960192767056,
        0.999903678894043,
        1.0120854594490745,
        1.0055561715906316,
        1.252968972379511,
        1.0041769363663413,
        0.9975924491882324,
        0.9978148557923057,
        0.9925551251931624,
        1.0179166956381365,
        1.016722944649783,
        1.0070887912403454,
        1.0041936798529192,
        1.0109216516668147,
        1.0006776722994717,
        1.004012411290949,
        1.0162310058420354,
        1.017027275128798,
        1.0048503225499934,
        1.0119548656723716,
        1.0164995247667485,
        1.0014985528859226,
        1.029705367305062,
        1.040638267993927,
        1.013481150973927,
        1.0134377696297385,
        1.0007674585689197,
        0.9988329410552979,
        0.9656408158215609,
        0.9309596094218168,
        0.9781146374615756,
        0.9952112923968922,
        0.9714003530415621,
        0.9636178395964883,
        0.961926747452129,
        0.9500937895341353,
        0.9463639638640664
    ]
}